{
	"credit": "Made with Blockbench",
	"texture_size": [128, 128],
	"textures": {
		"0": "cit/ceiling_fan_body",
		"2": "cit/fan_propeller_1",
		"particle": "cit/ceiling_fan_body"
	},
	"elements": [
		{
			"from": [7, 1, 7],
			"to": [9, 12, 9],
			"rotation": {"angle": 45, "axis": "y", "origin": [8, 7, 8]},
			"faces": {
				"north": {"uv": [0, 6, 1, 11.5], "texture": "#0"},
				"east": {"uv": [6, 0, 7, 5.5], "texture": "#0"},
				"south": {"uv": [1, 6, 2, 11.5], "texture": "#0"},
				"west": {"uv": [2, 6, 3, 11.5], "texture": "#0"},
				"up": {"uv": [9, 8.5, 8, 7.5], "texture": "#0"},
				"down": {"uv": [4, 8.5, 3, 9.5], "texture": "#0"}
			}
		},
		{
			"from": [5, 0, 5],
			"to": [11, 1, 11],
			"faces": {
				"north": {"uv": [7, 5, 10, 5.5], "texture": "#0"},
				"east": {"uv": [3, 7.5, 6, 8], "texture": "#0"},
				"south": {"uv": [3, 8, 6, 8.5], "texture": "#0"},
				"west": {"uv": [8, 7, 11, 7.5], "texture": "#0"},
				"up": {"uv": [3, 3, 0, 0], "texture": "#0"},
				"down": {"uv": [3, 3, 0, 6], "texture": "#0"}
			}
		},
		{
			"from": [6, 12, 6],
			"to": [10, 13, 10],
			"faces": {
				"north": {"uv": [4, 8.5, 6, 9], "texture": "#0"},
				"east": {"uv": [8, 8.5, 10, 9], "texture": "#0"},
				"south": {"uv": [9, 3, 11, 3.5], "texture": "#0"},
				"west": {"uv": [9, 3.5, 11, 4], "texture": "#0"},
				"up": {"uv": [9, 5, 7, 3], "texture": "#0"},
				"down": {"uv": [8, 7, 6, 9], "texture": "#0"}
			}
		},
		{
			"from": [5, 13, 5],
			"to": [11, 16, 11],
			"faces": {
				"north": {"uv": [3, 6, 6, 7.5], "texture": "#0"},
				"east": {"uv": [6, 5.5, 9, 7], "texture": "#0"},
				"south": {"uv": [7, 0, 10, 1.5], "texture": "#0"},
				"west": {"uv": [7, 1.5, 10, 3], "texture": "#0"},
				"up": {"uv": [6, 3, 3, 0], "texture": "#0"},
				"down": {"uv": [6, 3, 3, 6], "texture": "#0"}
			}
		},
		{
			"from": [-3, 13, -3],
			"to": [19, 13, 19],
			"rotation": {"angle": 0, "axis": "y", "origin": [8, 13, 8]},
			"faces": {
				"north": {"uv": [0, 0, 2.75, 0], "texture": "#2"},
				"east": {"uv": [0, 0, 2.75, 0], "texture": "#2"},
				"south": {"uv": [0, 0, 2.75, 0], "texture": "#2"},
				"west": {"uv": [0, 0, 2.75, 0], "texture": "#2"},
				"up": {"uv": [8.25, 5.5, 5.5, 2.75], "texture": "#2"},
				"down": {"uv": [8.25, 2.75, 5.5, 5.5], "texture": "#2"}
			}
		},
		{
			"from": [-3, 13, -3],
			"to": [19, 13, 19],
			"rotation": {"angle": 22.5, "axis": "y", "origin": [8, 13, 8]},
			"faces": {
				"north": {"uv": [0, 0, 2.75, 0], "texture": "#2"},
				"east": {"uv": [0, 0, 2.75, 0], "texture": "#2"},
				"south": {"uv": [0, 0, 2.75, 0], "texture": "#2"},
				"west": {"uv": [0, 0, 2.75, 0], "texture": "#2"},
				"up": {"uv": [2.75, 8.25, 0, 5.5], "texture": "#2"},
				"down": {"uv": [2.75, 5.5, 0, 8.25], "texture": "#2"}
			}
		},
		{
			"from": [-3, 13, -3],
			"to": [19, 13, 19],
			"rotation": {"angle": 45, "axis": "y", "origin": [8, 13, 8]},
			"faces": {
				"north": {"uv": [0, 0, 2.75, 0], "texture": "#2"},
				"east": {"uv": [0, 0, 2.75, 0], "texture": "#2"},
				"south": {"uv": [0, 0, 2.75, 0], "texture": "#2"},
				"west": {"uv": [0, 0, 2.75, 0], "texture": "#2"},
				"up": {"uv": [5.5, 2.75, 2.75, 0], "texture": "#2"},
				"down": {"uv": [5.5, 0, 2.75, 2.75], "texture": "#2"}
			}
		},
		{
			"from": [-3, 13, -3],
			"to": [19, 13, 19],
			"rotation": {"angle": -22.5, "axis": "y", "origin": [8, 13, 8]},
			"faces": {
				"north": {"uv": [0, 0, 2.75, 0], "texture": "#2"},
				"east": {"uv": [0, 0, 2.75, 0], "texture": "#2"},
				"south": {"uv": [0, 0, 2.75, 0], "texture": "#2"},
				"west": {"uv": [0, 0, 2.75, 0], "texture": "#2"},
				"up": {"uv": [2.75, 2.75, 0, 0], "texture": "#2"},
				"down": {"uv": [2.75, 0, 0, 2.75], "texture": "#2"}
			}
		}
	],
	"display": {
		"firstperson_righthand": {
			"rotation": [0, -90, 25],
			"translation": [1.13, 3.2, 1.13],
			"scale": [0.68, 0.68, 0.68]
		},
		"firstperson_lefthand": {
			"rotation": [0, -90, 25],
			"translation": [1.13, 3.2, 1.13],
			"scale": [0.68, 0.68, 0.68]
		},
		"ground": {
			"rotation": [0, 0, 180],
			"translation": [0, 6.25, 0]
		},
		"gui": {
			"rotation": [30, 225, 180],
			"scale": [0.625, 0.625, 0.625]
		},
		"fixed": {
			"rotation": [-90, 0, 0],
			"translation": [0, 0, -14],
			"scale": [2, 2, 2]
		}
	},
	"groups": [
		{
			"name": "group",
			"origin": [0, 0, 0],
			"color": 0,
			"children": [0, 1, 2, 3]
		},
		{
			"name": "group",
			"origin": [8, 13, 8],
			"color": 0,
			"children": [4, 5, 6, 7]
		}
	]
}