{
	"credit": "Made with Blockbench",
	"texture_size": [32, 32],
	"textures": {
		"1": "cit/fan_body",
		"2": "cit/fan_propeller_0",
		"5": "cit/fan_head",
		"particle": "cit/fan_propeller_0"
	},
	"elements": [
		{
			"from": [5, 0, 5],
			"to": [11, 2, 11],
			"faces": {
				"north": {"uv": [3, 0, 6, 1], "texture": "#1"},
				"east": {"uv": [3, 1, 6, 2], "texture": "#1"},
				"south": {"uv": [3, 2, 6, 3], "texture": "#1"},
				"west": {"uv": [3, 3, 6, 4], "texture": "#1"},
				"up": {"uv": [3, 3, 0, 0], "texture": "#1"},
				"down": {"uv": [3, 3, 0, 6], "texture": "#1"}
			}
		},
		{
			"from": [7, 2, 7],
			"to": [9, 7, 9],
			"faces": {
				"north": {"uv": [3, 4, 4, 6.5], "texture": "#1"},
				"east": {"uv": [4, 4, 5, 6.5], "texture": "#1"},
				"south": {"uv": [5, 4, 6, 6.5], "texture": "#1"},
				"west": {"uv": [0, 6, 1, 8.5], "texture": "#1"},
				"up": {"uv": [7, 1, 6, 0], "texture": "#1"},
				"down": {"uv": [2, 6, 1, 7], "texture": "#1"}
			}
		},
		{
			"from": [4, 5, 4],
			"to": [12, 13, 7],
			"faces": {
				"north": {"uv": [4, 0, 8, 4], "texture": "#5"},
				"east": {"uv": [4, 8, 5.5, 12], "texture": "#5"},
				"south": {"uv": [4, 4, 8, 8], "texture": "#5"},
				"west": {"uv": [8, 4, 9.5, 8], "texture": "#5"},
				"up": {"uv": [9.5, 9.5, 5.5, 8], "texture": "#5"},
				"down": {"uv": [13.5, 4, 9.5, 5.5], "texture": "#5"}
			}
		},
		{
			"from": [3.7, 4.7, 3.7],
			"to": [12.3, 13.3, 7.3],
			"rotation": {"angle": 0, "axis": "z", "origin": [8, 9, 5.5]},
			"faces": {
				"north": {"uv": [0, 8, 4, 12], "texture": "#5"},
				"east": {"uv": [5.5, 9.5, 7, 13.5], "texture": "#5"},
				"south": {"uv": [8, 0, 12, 4], "texture": "#5"},
				"west": {"uv": [9.5, 5.5, 11, 9.5], "texture": "#5"},
				"up": {"uv": [11, 11, 7, 9.5], "texture": "#5"},
				"down": {"uv": [15, 5.5, 11, 7], "texture": "#5"}
			}
		},
		{
			"from": [6, 7, 7],
			"to": [10, 11, 11],
			"faces": {
				"north": {"uv": [7, 11, 9, 13], "texture": "#5"},
				"east": {"uv": [11, 7, 13, 9], "texture": "#5"},
				"south": {"uv": [9, 11, 11, 13], "texture": "#5"},
				"west": {"uv": [11, 9, 13, 11], "texture": "#5"},
				"up": {"uv": [13, 13, 11, 11], "texture": "#5"},
				"down": {"uv": [2, 12, 0, 14], "texture": "#5"}
			}
		},
		{
			"from": [4, 5, 5.5],
			"to": [12, 13, 5.5],
			"faces": {
				"north": {"uv": [0, 0, 4, 4], "texture": "#2"},
				"east": {"uv": [0, 0, 0, 4], "texture": "#2"},
				"south": {"uv": [4, 0, 0, 4], "texture": "#2"},
				"west": {"uv": [0, 0, 0, 4], "texture": "#2"},
				"up": {"uv": [4, 0, 0, 0], "texture": "#2"},
				"down": {"uv": [4, 0, 0, 0], "texture": "#2"}
			}
		},
		{
			"from": [4, 5, 5.5],
			"to": [12, 13, 5.5],
			"rotation": {"angle": 22.5, "axis": "z", "origin": [8, 9, 5.5]},
			"faces": {
				"north": {"uv": [4, 0, 8, 4], "texture": "#2"},
				"east": {"uv": [0, 0, 0, 4], "texture": "#2"},
				"south": {"uv": [8, 0, 4, 4], "texture": "#2"},
				"west": {"uv": [0, 0, 0, 4], "texture": "#2"},
				"up": {"uv": [4, 0, 0, 0], "texture": "#2"},
				"down": {"uv": [4, 0, 0, 0], "texture": "#2"}
			}
		},
		{
			"from": [4, 5, 5.5],
			"to": [12, 13, 5.5],
			"rotation": {"angle": 45, "axis": "z", "origin": [8, 9, 5.5]},
			"faces": {
				"north": {"uv": [0, 8, 4, 12], "texture": "#2"},
				"east": {"uv": [0, 0, 0, 4], "texture": "#2"},
				"south": {"uv": [4, 8, 0, 12], "texture": "#2"},
				"west": {"uv": [0, 0, 0, 4], "texture": "#2"},
				"up": {"uv": [4, 0, 0, 0], "texture": "#2"},
				"down": {"uv": [4, 0, 0, 0], "texture": "#2"}
			}
		},
		{
			"from": [4, 5, 5.5],
			"to": [12, 13, 5.5],
			"rotation": {"angle": -22.5, "axis": "z", "origin": [8, 9, 5.5]},
			"faces": {
				"north": {"uv": [4, 8, 8, 12], "texture": "#2"},
				"east": {"uv": [0, 0, 0, 4], "texture": "#2"},
				"south": {"uv": [8, 8, 4, 12], "texture": "#2"},
				"west": {"uv": [0, 0, 0, 4], "texture": "#2"},
				"up": {"uv": [4, 0, 0, 0], "texture": "#2"},
				"down": {"uv": [4, 0, 0, 0], "texture": "#2"}
			}
		}
	],
	"display": {
		"thirdperson_righthand": {
			"rotation": [0, -90, -55],
			"translation": [0, 4.5, 3.75],
			"scale": [0.85, 0.85, 0.85]
		},
		"thirdperson_lefthand": {
			"rotation": [0, -90, -55],
			"translation": [0, 4.5, 3.75],
			"scale": [0.85, 0.85, 0.85]
		},
		"ground": {
			"translation": [0, 5.75, 0]
		},
		"gui": {
			"rotation": [30, 225, 0],
			"translation": [0, 1.25, 0]
		},
		"fixed": {
			"rotation": [-90, 0, 0],
			"translation": [0, 0, -14],
			"scale": [2, 2, 2]
		}
	},
	"groups": [
		{
			"name": "group",
			"origin": [0, 0, 0],
			"color": 0,
			"children": [0, 1]
		},
		{
			"name": "group",
			"origin": [8, 8, 8],
			"color": 0,
			"children": [
				2,
				3,
				4,
				{
					"name": "propeller",
					"origin": [8, 8, 8],
					"color": 0,
					"children": [5, 6, 7, 8]
				}
			]
		}
	]
}