{
	"credit": "Made with Blockbench",
	"texture_size": [32, 32],
	"textures": {
		"0": "block/dirt",
		"3": "cit/pot_5",
		"4": "cit/anthurium",
		"particle": "block/dirt"
	},
	"elements": [
		{
			"from": [6, 1, 6],
			"to": [10, 4, 10],
			"faces": {
				"north": {"uv": [0, 0, 4, 3], "texture": "#0"},
				"east": {"uv": [0, 0, 4, 3], "texture": "#0"},
				"south": {"uv": [0, 0, 4, 3], "texture": "#0"},
				"west": {"uv": [0, 0, 4, 3], "texture": "#0"},
				"up": {"uv": [0, 0, 4, 4], "texture": "#0"},
				"down": {"uv": [0, 0, 4, 4], "texture": "#0"}
			}
		},
		{
			"from": [5, 0, 5],
			"to": [11, 1, 11],
			"faces": {
				"north": {"uv": [5, 6, 8, 6.5], "texture": "#3"},
				"east": {"uv": [5, 6.5, 8, 7], "texture": "#3"},
				"south": {"uv": [5, 7, 8, 7.5], "texture": "#3"},
				"west": {"uv": [5, 7.5, 8, 8], "texture": "#3"},
				"up": {"uv": [3, 3, 0, 0], "texture": "#3"},
				"down": {"uv": [3, 3, 0, 6], "texture": "#3"}
			}
		},
		{
			"from": [5, 1, 5],
			"to": [11, 5, 6],
			"faces": {
				"north": {"uv": [3, 0, 6, 2], "texture": "#3"},
				"east": {"uv": [8, 1.5, 8.5, 3.5], "texture": "#3"},
				"south": {"uv": [3, 2, 6, 4], "texture": "#3"},
				"west": {"uv": [3, 8, 3.5, 10], "texture": "#3"},
				"up": {"uv": [3, 8.5, 0, 8], "texture": "#3"},
				"down": {"uv": [11, 0, 8, 0.5], "texture": "#3"}
			}
		},
		{
			"from": [5, 1, 10],
			"to": [11, 5, 11],
			"faces": {
				"north": {"uv": [3, 4, 6, 6], "texture": "#3"},
				"east": {"uv": [3.5, 8, 4, 10], "texture": "#3"},
				"south": {"uv": [0, 6, 3, 8], "texture": "#3"},
				"west": {"uv": [8, 3.5, 8.5, 5.5], "texture": "#3"},
				"up": {"uv": [11, 1, 8, 0.5], "texture": "#3"},
				"down": {"uv": [11, 1, 8, 1.5], "texture": "#3"}
			}
		},
		{
			"from": [5, 1, 6],
			"to": [6, 5, 10],
			"faces": {
				"north": {"uv": [4, 8, 4.5, 10], "texture": "#3"},
				"east": {"uv": [6, 0, 8, 2], "texture": "#3"},
				"south": {"uv": [4.5, 8, 5, 10], "texture": "#3"},
				"west": {"uv": [6, 2, 8, 4], "texture": "#3"},
				"up": {"uv": [5.5, 10, 5, 8], "texture": "#3"},
				"down": {"uv": [6, 8, 5.5, 10], "texture": "#3"}
			}
		},
		{
			"from": [10, 1, 6],
			"to": [11, 5, 10],
			"faces": {
				"north": {"uv": [8, 5.5, 8.5, 7.5], "texture": "#3"},
				"east": {"uv": [3, 6, 5, 8], "texture": "#3"},
				"south": {"uv": [6, 8, 6.5, 10], "texture": "#3"},
				"west": {"uv": [6, 4, 8, 6], "texture": "#3"},
				"up": {"uv": [7, 10, 6.5, 8], "texture": "#3"},
				"down": {"uv": [7.5, 8, 7, 10], "texture": "#3"}
			}
		},
		{
			"from": [4, 4, 8],
			"to": [12, 13, 8],
			"rotation": {"angle": -22.5, "axis": "x", "origin": [8, 4, 8]},
			"faces": {
				"north": {"uv": [4, 0, 0, 4.5], "rotation": 180, "texture": "#4"},
				"east": {"uv": [0, 0, 6, 0], "rotation": 270, "texture": "#4"},
				"south": {"uv": [4, 4.5, 0, 0], "texture": "#4"},
				"west": {"uv": [0, 0, 6, 0], "rotation": 90, "texture": "#4"},
				"up": {"uv": [0, 0, 4, 0], "rotation": 180, "texture": "#4"},
				"down": {"uv": [0, 0, 4, 0], "texture": "#4"}
			}
		},
		{
			"from": [4, 12.31392, -2.44415],
			"to": [12, 12.31392, 5.55585],
			"rotation": {"angle": -45, "axis": "x", "origin": [4, 12.31492, 4.55585]},
			"faces": {
				"north": {"uv": [0, 0, 4, 0], "texture": "#4"},
				"east": {"uv": [0, 0, 4, 0], "texture": "#4"},
				"south": {"uv": [0, 0, 4, 0], "texture": "#4"},
				"west": {"uv": [0, 0, 4, 0], "texture": "#4"},
				"up": {"uv": [4, 10, 0, 6], "rotation": 180, "texture": "#4"},
				"down": {"uv": [4, 6, 0, 10], "rotation": 180, "texture": "#4"}
			}
		},
		{
			"from": [4, 4, 8],
			"to": [12, 10, 8],
			"rotation": {"angle": 22.5, "axis": "x", "origin": [8, 4, 8]},
			"faces": {
				"north": {"uv": [0, 3, 4, 0], "texture": "#4"},
				"east": {"uv": [0, 0, 6, 0], "rotation": 270, "texture": "#4"},
				"south": {"uv": [0, 0, 4, 3], "rotation": 180, "texture": "#4"},
				"west": {"uv": [0, 0, 6, 0], "rotation": 90, "texture": "#4"},
				"up": {"uv": [0, 0, 4, 0], "rotation": 180, "texture": "#4"},
				"down": {"uv": [0, 0, 4, 0], "texture": "#4"}
			}
		},
		{
			"from": [4, 8.83588, 9.00391],
			"to": [12, 8.83588, 17.00391],
			"rotation": {"angle": 45, "axis": "x", "origin": [4, 8.83688, 11.00391]},
			"faces": {
				"north": {"uv": [4, 0, 0, 0], "texture": "#4"},
				"east": {"uv": [4, 0, 0, 0], "texture": "#4"},
				"south": {"uv": [4, 0, 0, 0], "texture": "#4"},
				"west": {"uv": [4, 0, 0, 0], "texture": "#4"},
				"up": {"uv": [4, 6, 0, 10], "rotation": 180, "texture": "#4"},
				"down": {"uv": [4, 10, 0, 6], "rotation": 180, "texture": "#4"}
			}
		},
		{
			"from": [8, 4, 4],
			"to": [8, 16, 12],
			"rotation": {"angle": 22.5, "axis": "z", "origin": [8, 4, 8]},
			"faces": {
				"north": {"uv": [0, 0, 6, 0], "rotation": 90, "texture": "#4"},
				"east": {"uv": [0, 6, 4, 0], "texture": "#4"},
				"south": {"uv": [0, 0, 6, 0], "rotation": 270, "texture": "#4"},
				"west": {"uv": [0, 0, 4, 6], "rotation": 180, "texture": "#4"},
				"up": {"uv": [0, 0, 4, 0], "rotation": 270, "texture": "#4"},
				"down": {"uv": [0, 0, 4, 0], "rotation": 270, "texture": "#4"}
			}
		},
		{
			"from": [-3.5922, 15.08632, 4],
			"to": [4.4078, 15.08632, 12],
			"rotation": {"angle": -22.5, "axis": "z", "origin": [3.40872, 15.08694, 7]},
			"faces": {
				"north": {"uv": [4, 0, 0, 0], "texture": "#4"},
				"east": {"uv": [4, 0, 0, 0], "texture": "#4"},
				"south": {"uv": [4, 0, 0, 0], "texture": "#4"},
				"west": {"uv": [4, 0, 0, 0], "texture": "#4"},
				"up": {"uv": [8, 6, 4, 10], "rotation": 270, "texture": "#4"},
				"down": {"uv": [8, 10, 4, 6], "rotation": 90, "texture": "#4"}
			}
		},
		{
			"from": [0.4078, 15.08632, 8],
			"to": [2.4078, 19.08632, 8],
			"rotation": {"angle": -22.5, "axis": "z", "origin": [3.40872, 15.08694, 8]},
			"faces": {
				"north": {"uv": [8, 0, 9, 2], "texture": "#4"},
				"east": {"uv": [4, 0, 0, 0], "texture": "#4"},
				"south": {"uv": [9, 0, 8, 2], "texture": "#4"},
				"west": {"uv": [4, 0, 0, 0], "texture": "#4"},
				"up": {"uv": [4, 6, 0, 10], "rotation": 270, "texture": "#4"},
				"down": {"uv": [4, 10, 0, 6], "rotation": 90, "texture": "#4"}
			}
		},
		{
			"from": [8, 4, 4],
			"to": [8, 14, 12],
			"rotation": {"angle": -22.5, "axis": "z", "origin": [8, 4, 8]},
			"faces": {
				"north": {"uv": [0, 0, 6, 0], "rotation": 90, "texture": "#4"},
				"east": {"uv": [4, 0, 0, 5], "rotation": 180, "texture": "#4"},
				"south": {"uv": [0, 0, 6, 0], "rotation": 270, "texture": "#4"},
				"west": {"uv": [4, 5, 0, 0], "texture": "#4"},
				"up": {"uv": [0, 0, 4, 0], "rotation": 270, "texture": "#4"},
				"down": {"uv": [0, 0, 4, 0], "rotation": 270, "texture": "#4"}
			}
		},
		{
			"from": [10.82754, 13.23809, 4],
			"to": [18.82754, 13.23809, 12],
			"rotation": {"angle": 22.5, "axis": "z", "origin": [11.82683, 13.2388, 8]},
			"faces": {
				"north": {"uv": [0, 0, 4, 0], "texture": "#4"},
				"east": {"uv": [0, 0, 4, 0], "texture": "#4"},
				"south": {"uv": [0, 0, 4, 0], "texture": "#4"},
				"west": {"uv": [0, 0, 4, 0], "texture": "#4"},
				"up": {"uv": [8, 10, 4, 6], "rotation": 270, "texture": "#4"},
				"down": {"uv": [8, 6, 4, 10], "rotation": 90, "texture": "#4"}
			}
		},
		{
			"from": [12.90279, 12.85571, 8],
			"to": [14.90279, 16.85571, 8],
			"rotation": {"angle": 22.5, "axis": "z", "origin": [10.90187, 12.85633, 12]},
			"faces": {
				"north": {"uv": [9, 0, 8, 2], "texture": "#4"},
				"east": {"uv": [0, 0, 4, 0], "texture": "#4"},
				"south": {"uv": [8, 0, 9, 2], "texture": "#4"},
				"west": {"uv": [0, 0, 4, 0], "texture": "#4"},
				"up": {"uv": [4, 10, 0, 6], "rotation": 270, "texture": "#4"},
				"down": {"uv": [4, 6, 0, 10], "rotation": 90, "texture": "#4"}
			}
		}
	],
	"display": {
		"thirdperson_righthand": {
			"rotation": [75, 45, 0],
			"translation": [0, 2, 1.75],
			"scale": [0.375, 0.375, 0.375]
		},
		"thirdperson_lefthand": {
			"rotation": [75, 45, 0],
			"translation": [0, 2, 1.75],
			"scale": [0.375, 0.375, 0.375]
		},
		"ground": {
			"translation": [0, 6.25, 0]
		},
		"gui": {
			"rotation": [30, 225, 0],
			"translation": [0, 1.25, 0]
		},
		"fixed": {
			"rotation": [-90, 0, 0],
			"translation": [0, 0, -14],
			"scale": [2, 2, 2]
		}
	},
	"groups": [
		0,
		{
			"name": "group",
			"origin": [0, 0, 0],
			"color": 0,
			"children": [1, 2, 3, 4, 5]
		},
		{
			"name": "group",
			"origin": [0, 0, 0],
			"color": 0,
			"children": [6, 7]
		},
		{
			"name": "group",
			"origin": [0, 0, 0],
			"color": 0,
			"children": [8, 9]
		},
		{
			"name": "group",
			"origin": [0, 0, 0],
			"color": 0,
			"children": [10, 11, 12]
		},
		{
			"name": "group",
			"origin": [0, 0, 0],
			"color": 0,
			"children": [13, 14, 15]
		}
	]
}