{
	"credit": "Made with Blockbench",
	"textures": {
		"0": "cit/book",
		"1": "cit/book_green",
		"particle": "cit/book"
	},
	"elements": [
		{
			"from": [6, 0, 5.5],
			"to": [8, 8, 11.5],
			"rotation": {"angle": 0, "axis": "y", "origin": [7, 8, -9.5]},
			"faces": {
				"north": {"uv": [0, 8, 8, 11], "rotation": 90, "texture": "#0"},
				"east": {"uv": [12, 0, 6, 8], "texture": "#0"},
				"south": {"uv": [8, 8, 16, 11], "rotation": 270, "texture": "#0"},
				"west": {"uv": [6, 8, 0, 0], "rotation": 180, "texture": "#0"},
				"up": {"uv": [6, 11, 12, 14], "rotation": 270, "texture": "#0"},
				"down": {"uv": [0, 11, 6, 14], "rotation": 270, "texture": "#0"}
			}
		},
		{
			"from": [8, 0, 4.5],
			"to": [10, 8, 10.5],
			"rotation": {"angle": 0, "axis": "y", "origin": [7, 8, -9.5]},
			"faces": {
				"north": {"uv": [0, 8, 8, 11], "rotation": 90, "texture": "#1"},
				"east": {"uv": [12, 0, 6, 8], "texture": "#1"},
				"south": {"uv": [8, 8, 16, 11], "rotation": 270, "texture": "#1"},
				"west": {"uv": [6, 8, 0, 0], "rotation": 180, "texture": "#1"},
				"up": {"uv": [6, 11, 12, 14], "rotation": 270, "texture": "#1"},
				"down": {"uv": [0, 11, 6, 14], "rotation": 270, "texture": "#1"}
			}
		},
		{
			"from": [10, 0, 5.5],
			"to": [12, 8, 11.5],
			"rotation": {"angle": 0, "axis": "y", "origin": [7, 8, -9.5]},
			"faces": {
				"north": {"uv": [0, 8, 8, 11], "rotation": 90, "texture": "#0"},
				"east": {"uv": [12, 0, 6, 8], "texture": "#0"},
				"south": {"uv": [8, 8, 16, 11], "rotation": 270, "texture": "#0"},
				"west": {"uv": [6, 8, 0, 0], "rotation": 180, "texture": "#0"},
				"up": {"uv": [6, 11, 12, 14], "rotation": 270, "texture": "#0"},
				"down": {"uv": [0, 11, 6, 14], "rotation": 270, "texture": "#0"}
			}
		},
		{
			"from": [4, 0, 4.5],
			"to": [6, 8, 10.5],
			"rotation": {"angle": 0, "axis": "y", "origin": [7, 8, -9.5]},
			"faces": {
				"north": {"uv": [0, 8, 8, 11], "rotation": 90, "texture": "#1"},
				"east": {"uv": [12, 0, 6, 8], "texture": "#1"},
				"south": {"uv": [8, 8, 16, 11], "rotation": 270, "texture": "#1"},
				"west": {"uv": [6, 8, 0, 0], "rotation": 180, "texture": "#1"},
				"up": {"uv": [6, 11, 12, 14], "rotation": 270, "texture": "#1"},
				"down": {"uv": [0, 11, 6, 14], "rotation": 270, "texture": "#1"}
			}
		}
	],
	"display": {
		"thirdperson_righthand": {
			"rotation": [41, -180, 0],
			"translation": [0, 3.5, 1],
			"scale": [0.85, 0.85, 0.85]
		},
		"thirdperson_lefthand": {
			"rotation": [41, 180, 0],
			"translation": [0, 3.5, 1],
			"scale": [0.85, 0.85, 0.85]
		},
		"firstperson_righthand": {
			"rotation": [0, -90, 25],
			"translation": [1.13, 3.2, 1.13],
			"scale": [0.68, 0.68, 0.68]
		},
		"firstperson_lefthand": {
			"rotation": [0, -90, 25],
			"translation": [1.13, 3.2, 1.13],
			"scale": [0.68, 0.68, 0.68]
		},
		"ground": {
			"translation": [0, 4.5, 0]
		},
		"gui": {
			"rotation": [30, 225, 0],
			"translation": [0, 1.25, 0]
		},
		"fixed": {
			"rotation": [-90, 0, 0],
			"translation": [0, 0, -14],
			"scale": [2, 2, 2]
		}
	}
}