{
	"credit": "Made with Blockbench",
	"textures": {
		"0": "cit/pot_2",
		"2": "block/dirt",
		"3": "cit/cat_grass",
		"particle": "cit/pot_2"
	},
	"elements": [
		{
			"from": [5, 0, 5],
			"to": [11, 1, 11],
			"rotation": {"angle": 0, "axis": "y", "origin": [8, 0, 8]},
			"faces": {
				"north": {"uv": [8, 3, 11, 3.5], "texture": "#0"},
				"east": {"uv": [8, 3.5, 11, 4], "texture": "#0"},
				"south": {"uv": [4, 8, 7, 8.5], "texture": "#0"},
				"west": {"uv": [8, 4, 11, 4.5], "texture": "#0"},
				"up": {"uv": [3, 3, 0, 0], "texture": "#0"},
				"down": {"uv": [3, 3, 0, 6], "texture": "#0"}
			}
		},
		{
			"from": [10, 1, 5],
			"to": [11, 5, 11],
			"rotation": {"angle": 0, "axis": "y", "origin": [8, 0, 8]},
			"faces": {
				"north": {"uv": [4.5, 8.5, 5, 10.5], "texture": "#0"},
				"east": {"uv": [3, 0, 6, 2], "texture": "#0"},
				"south": {"uv": [5, 8.5, 5.5, 10.5], "texture": "#0"},
				"west": {"uv": [3, 2, 6, 4], "texture": "#0"},
				"up": {"uv": [7.5, 11, 7, 8], "texture": "#0"},
				"down": {"uv": [8, 8, 7.5, 11], "texture": "#0"}
			}
		},
		{
			"from": [5, 1, 5],
			"to": [6, 5, 11],
			"rotation": {"angle": 0, "axis": "y", "origin": [8, 0, 8]},
			"faces": {
				"north": {"uv": [5.5, 8.5, 6, 10.5], "texture": "#0"},
				"east": {"uv": [3, 4, 6, 6], "texture": "#0"},
				"south": {"uv": [6, 8.5, 6.5, 10.5], "texture": "#0"},
				"west": {"uv": [0, 6, 3, 8], "texture": "#0"},
				"up": {"uv": [8.5, 11, 8, 8], "texture": "#0"},
				"down": {"uv": [4.5, 8.5, 4, 11.5], "texture": "#0"}
			}
		},
		{
			"from": [6, 1, 5],
			"to": [10, 5, 6],
			"rotation": {"angle": 0, "axis": "y", "origin": [8, 0, 8]},
			"faces": {
				"north": {"uv": [3, 6, 5, 8], "texture": "#0"},
				"east": {"uv": [6.5, 8.5, 7, 10.5], "texture": "#0"},
				"south": {"uv": [6, 4, 8, 6], "texture": "#0"},
				"west": {"uv": [8.5, 8, 9, 10], "texture": "#0"},
				"up": {"uv": [10, 5, 8, 4.5], "texture": "#0"},
				"down": {"uv": [10, 5, 8, 5.5], "texture": "#0"}
			}
		},
		{
			"from": [6, 1, 10],
			"to": [10, 5, 11],
			"rotation": {"angle": 0, "axis": "y", "origin": [8, 0, 8]},
			"faces": {
				"north": {"uv": [5, 6, 7, 8], "texture": "#0"},
				"east": {"uv": [9, 5.5, 9.5, 7.5], "texture": "#0"},
				"south": {"uv": [7, 6, 9, 8], "texture": "#0"},
				"west": {"uv": [9, 7.5, 9.5, 9.5], "texture": "#0"},
				"up": {"uv": [2, 10, 0, 9.5], "texture": "#0"},
				"down": {"uv": [4, 9.5, 2, 10], "texture": "#0"}
			}
		},
		{
			"from": [6, 1, 6],
			"to": [10, 4, 10],
			"rotation": {"angle": 0, "axis": "y", "origin": [8, 0, 8]},
			"faces": {
				"north": {"uv": [0, 0, 4, 2.5], "texture": "#2"},
				"east": {"uv": [0, 0, 4, 2.5], "texture": "#2"},
				"south": {"uv": [0, 0, 4, 2.5], "texture": "#2"},
				"west": {"uv": [0, 0, 4, 2.5], "texture": "#2"},
				"up": {"uv": [0, 0, 4, 4], "texture": "#2"},
				"down": {"uv": [0, 0, 4, 4], "texture": "#2"}
			}
		},
		{
			"from": [6, 4, 6],
			"to": [10, 10, 6],
			"faces": {
				"north": {"uv": [0, 0, 4, 6], "texture": "#3"},
				"east": {"uv": [0, 0, 0, 6], "texture": "#3"},
				"south": {"uv": [4, 0, 0, 6], "texture": "#3"},
				"west": {"uv": [0, 0, 0, 6], "texture": "#3"},
				"up": {"uv": [4, 0, 0, 0], "texture": "#3"},
				"down": {"uv": [4, 0, 0, 0], "texture": "#3"}
			}
		},
		{
			"from": [6, 4, 8],
			"to": [10, 10, 8],
			"faces": {
				"north": {"uv": [0, 0, 4, 6], "texture": "#3"},
				"east": {"uv": [0, 0, 0, 6], "texture": "#3"},
				"south": {"uv": [4, 0, 0, 6], "texture": "#3"},
				"west": {"uv": [0, 0, 0, 6], "texture": "#3"},
				"up": {"uv": [4, 0, 0, 0], "texture": "#3"},
				"down": {"uv": [4, 0, 0, 0], "texture": "#3"}
			}
		},
		{
			"from": [6, 4, 10],
			"to": [10, 10, 10],
			"rotation": {"angle": 0, "axis": "y", "origin": [16, 0, 0]},
			"faces": {
				"north": {"uv": [4, 0, 0, 6], "texture": "#3"},
				"east": {"uv": [0, 0, 0, 6], "texture": "#3"},
				"south": {"uv": [0, 0, 4, 6], "texture": "#3"},
				"west": {"uv": [0, 0, 0, 6], "texture": "#3"},
				"up": {"uv": [0, 0, 4, 0], "texture": "#3"},
				"down": {"uv": [0, 0, 4, 0], "texture": "#3"}
			}
		},
		{
			"from": [10, 4, 6],
			"to": [10, 10, 10],
			"faces": {
				"north": {"uv": [0, 0, 0, 6], "texture": "#3"},
				"east": {"uv": [0, 0, 4, 6], "texture": "#3"},
				"south": {"uv": [0, 0, 0, 6], "texture": "#3"},
				"west": {"uv": [4, 0, 0, 6], "texture": "#3"},
				"up": {"uv": [4, 0, 0, 0], "rotation": 90, "texture": "#3"},
				"down": {"uv": [4, 0, 0, 0], "rotation": 270, "texture": "#3"}
			}
		},
		{
			"from": [6, 4, 6],
			"to": [6, 10, 10],
			"rotation": {"angle": 0, "axis": "y", "origin": [0, 0, 16]},
			"faces": {
				"north": {"uv": [0, 0, 0, 6], "texture": "#3"},
				"east": {"uv": [4, 0, 0, 6], "texture": "#3"},
				"south": {"uv": [0, 0, 0, 6], "texture": "#3"},
				"west": {"uv": [0, 0, 4, 6], "texture": "#3"},
				"up": {"uv": [0, 0, 4, 0], "rotation": 90, "texture": "#3"},
				"down": {"uv": [0, 0, 4, 0], "rotation": 270, "texture": "#3"}
			}
		},
		{
			"from": [8, 4, 6],
			"to": [8, 10, 10],
			"rotation": {"angle": 0, "axis": "y", "origin": [0, 0, 16]},
			"faces": {
				"north": {"uv": [0, 0, 0, 6], "texture": "#3"},
				"east": {"uv": [4, 0, 0, 6], "texture": "#3"},
				"south": {"uv": [0, 0, 0, 6], "texture": "#3"},
				"west": {"uv": [0, 0, 4, 6], "texture": "#3"},
				"up": {"uv": [0, 0, 4, 0], "rotation": 90, "texture": "#3"},
				"down": {"uv": [0, 0, 4, 0], "rotation": 270, "texture": "#3"}
			}
		}
	],
	"display": {
		"thirdperson_righthand": {
			"rotation": [0, -90, -55],
			"translation": [0, 4.5, 3.75],
			"scale": [0.85, 0.85, 0.85]
		},
		"thirdperson_lefthand": {
			"rotation": [0, 90, 55],
			"translation": [0, 4.5, 3.75],
			"scale": [0.85, 0.85, 0.85]
		},
		"firstperson_righthand": {
			"rotation": [0, -90, 25],
			"translation": [1.13, 3.2, 1.13],
			"scale": [0.68, 0.68, 0.68]
		},
		"firstperson_lefthand": {
			"rotation": [0, -90, 25],
			"translation": [1.13, 3.2, 1.13],
			"scale": [0.68, 0.68, 0.68]
		},
		"ground": {
			"translation": [0, 3.25, 0]
		},
		"gui": {
			"rotation": [30, 225, 0],
			"translation": [0, 1.25, 0]
		},
		"fixed": {
			"rotation": [-90, 0, 0],
			"translation": [0, 0, -14],
			"scale": [2, 2, 2]
		}
	},
	"groups": [
		{
			"name": "group",
			"origin": [8, 0, 8],
			"color": 0,
			"children": [0, 1, 2, 3, 4, 5]
		},
		{
			"name": "group",
			"origin": [0, 0, 0],
			"color": 0,
			"children": [6, 7, 8]
		},
		{
			"name": "group",
			"origin": [0, 0, 0],
			"color": 0,
			"children": [9, 10, 11]
		}
	]
}