{
	"credit": "Made with Blockbench",
	"texture_size": [32, 32],
	"textures": {
		"0": "cit/clock_1",
		"particle": "cit/clock_1"
	},
	"elements": [
		{
			"from": [6, 0, 6],
			"to": [6, 2, 10],
			"rotation": {"angle": -22.5, "axis": "z", "origin": [6, 2, 8]},
			"faces": {
				"north": {"uv": [0, 0, 0, 1], "texture": "#0"},
				"east": {"uv": [10, 8, 8, 9], "texture": "#0"},
				"south": {"uv": [0, 0, 0, 1], "texture": "#0"},
				"west": {"uv": [8, 8, 10, 9], "texture": "#0"},
				"up": {"uv": [0, 2, 0, 0], "texture": "#0"},
				"down": {"uv": [0, 0, 0, 2], "texture": "#0"}
			}
		},
		{
			"from": [4, 2, 6],
			"to": [12, 10, 10],
			"rotation": {"angle": 0, "axis": "x", "origin": [8, 2, 8]},
			"faces": {
				"north": {"uv": [0, 0, 4, 4], "texture": "#0"},
				"east": {"uv": [4, 0, 6, 4], "texture": "#0"},
				"south": {"uv": [0, 4, 4, 8], "texture": "#0"},
				"west": {"uv": [4, 4, 6, 8], "texture": "#0"},
				"up": {"uv": [10, 2, 6, 0], "texture": "#0"},
				"down": {"uv": [10, 2, 6, 4], "texture": "#0"}
			}
		},
		{
			"from": [4, 10, 8],
			"to": [12, 14, 8],
			"rotation": {"angle": 0, "axis": "x", "origin": [8, 2, 8]},
			"faces": {
				"north": {"uv": [6, 4, 10, 6], "texture": "#0"},
				"east": {"uv": [0, 0, 0, 2], "texture": "#0"},
				"south": {"uv": [10, 4, 6, 6], "texture": "#0"},
				"west": {"uv": [0, 0, 0, 2], "texture": "#0"},
				"up": {"uv": [4, 0, 0, 0], "texture": "#0"},
				"down": {"uv": [4, 0, 0, 0], "texture": "#0"}
			}
		},
		{
			"from": [2, 10, 6],
			"to": [6, 12, 10],
			"rotation": {"angle": 22.5, "axis": "z", "origin": [4, 10, 8]},
			"faces": {
				"north": {"uv": [14, 4, 12, 5], "rotation": 180, "texture": "#0"},
				"east": {"uv": [11, 6, 12, 4], "rotation": 270, "texture": "#0"},
				"south": {"uv": [14, 1, 12, 2], "texture": "#0"},
				"west": {"uv": [10, 6, 11, 4], "rotation": 90, "texture": "#0"},
				"up": {"uv": [12, 2, 10, 4], "texture": "#0"},
				"down": {"uv": [14, 2, 12, 4], "rotation": 180, "texture": "#0"}
			}
		},
		{
			"from": [10, 10, 6],
			"to": [14, 12, 10],
			"rotation": {"angle": -22.5, "axis": "z", "origin": [12, 10, 8]},
			"faces": {
				"north": {"uv": [12, 4, 14, 5], "rotation": 180, "texture": "#0"},
				"east": {"uv": [10, 4, 11, 6], "rotation": 90, "texture": "#0"},
				"south": {"uv": [12, 1, 14, 2], "texture": "#0"},
				"west": {"uv": [11, 4, 12, 6], "rotation": 270, "texture": "#0"},
				"up": {"uv": [10, 2, 12, 4], "texture": "#0"},
				"down": {"uv": [12, 2, 14, 4], "rotation": 180, "texture": "#0"}
			}
		},
		{
			"from": [8, 10, 6],
			"to": [8, 14, 10],
			"rotation": {"angle": 0, "axis": "x", "origin": [8, 2, 8]},
			"faces": {
				"north": {"uv": [0, 0, 0, 2], "texture": "#0"},
				"east": {"uv": [4, 8, 6, 10], "texture": "#0"},
				"south": {"uv": [0, 0, 0, 2], "texture": "#0"},
				"west": {"uv": [6, 8, 4, 10], "texture": "#0"},
				"up": {"uv": [0, 2, 0, 0], "texture": "#0"},
				"down": {"uv": [0, 0, 0, 2], "texture": "#0"}
			}
		},
		{
			"from": [10, 0, 6],
			"to": [10, 2, 10],
			"rotation": {"angle": 22.5, "axis": "z", "origin": [10, 2, 8]},
			"faces": {
				"north": {"uv": [0, 0, 0, 1], "texture": "#0"},
				"east": {"uv": [10, 8, 8, 9], "texture": "#0"},
				"south": {"uv": [0, 0, 0, 1], "texture": "#0"},
				"west": {"uv": [8, 8, 10, 9], "texture": "#0"},
				"up": {"uv": [0, 2, 0, 0], "texture": "#0"},
				"down": {"uv": [0, 0, 0, 2], "texture": "#0"}
			}
		}
	],
	"display": {
		"thirdperson_righthand": {
			"rotation": [52.75, 0, 0],
			"translation": [0, 0.75, 1],
			"scale": [0.55, 0.55, 0.55]
		},
		"thirdperson_lefthand": {
			"rotation": [52.75, 0, 0],
			"translation": [0, 0.75, 1],
			"scale": [0.55, 0.55, 0.55]
		},
		"ground": {
			"translation": [0, 5, 0]
		},
		"gui": {
			"rotation": [30, 225, 0],
			"translation": [0, 1.25, 0]
		},
		"fixed": {
			"rotation": [-90, 0, 0],
			"translation": [0, 0, -14],
			"scale": [2, 2, 2]
		}
	},
	"groups": [
		{
			"name": "group",
			"origin": [10, 2, 8],
			"color": 0,
			"children": [0, 1, 2, 3, 4, 5, 6]
		}
	]
}