{
	"credit": "Made with Blockbench",
	"textures": {
		"1": "cit/coat_rack",
		"2": "cit/coat",
		"particle": "cit/coat"
	},
	"elements": [
		{
			"from": [3, 0, 8],
			"to": [13, 10, 8],
			"faces": {
				"north": {"uv": [0, 0, 2.5, 2.5], "texture": "#1"},
				"east": {"uv": [0, 0, 0, 2.5], "texture": "#1"},
				"south": {"uv": [2.5, 0, 0, 2.5], "texture": "#1"},
				"west": {"uv": [0, 0, 0, 2.5], "texture": "#1"},
				"up": {"uv": [2.5, 0, 0, 0], "texture": "#1"},
				"down": {"uv": [2.5, 0, 0, 0], "texture": "#1"}
			}
		},
		{
			"from": [8, 0, 3],
			"to": [8, 10, 13],
			"rotation": {"angle": 0, "axis": "y", "origin": [8, 5, 8]},
			"faces": {
				"north": {"uv": [0, 0, 0, 2.5], "texture": "#1"},
				"east": {"uv": [0, 0, 2.5, 2.5], "texture": "#1"},
				"south": {"uv": [0, 0, 0, 2.5], "texture": "#1"},
				"west": {"uv": [2.5, 0, 0, 2.5], "texture": "#1"},
				"up": {"uv": [2.5, 0, 0, 0], "rotation": 90, "texture": "#1"},
				"down": {"uv": [2.5, 0, 0, 0], "rotation": 270, "texture": "#1"}
			}
		},
		{
			"from": [7, 0, 7],
			"to": [9, 32, 9],
			"faces": {
				"north": {"uv": [0, 5, 0.5, 11], "texture": "#1"},
				"east": {"uv": [5, 0, 5.5, 6], "texture": "#1"},
				"south": {"uv": [0.5, 5, 1, 11], "texture": "#1"},
				"west": {"uv": [1, 5, 1.5, 11], "texture": "#1"},
				"up": {"uv": [2, 5.5, 1.5, 5], "texture": "#1"},
				"down": {"uv": [2.5, 5, 2, 5.5], "texture": "#1"}
			}
		},
		{
			"from": [3, 21, 8],
			"to": [13, 31, 8],
			"rotation": {"angle": -45, "axis": "y", "origin": [8, 19, 8]},
			"faces": {
				"north": {"uv": [2.5, 0, 5, 2.5], "texture": "#1"},
				"east": {"uv": [0, 0, 0, 2.5], "texture": "#1"},
				"south": {"uv": [5, 0, 2.5, 2.5], "texture": "#1"},
				"west": {"uv": [0, 0, 0, 2.5], "texture": "#1"},
				"up": {"uv": [2.5, 0, 0, 0], "texture": "#1"},
				"down": {"uv": [2.5, 0, 0, 0], "texture": "#1"}
			}
		},
		{
			"from": [3, 21, 8],
			"to": [13, 31, 8],
			"rotation": {"angle": 45, "axis": "y", "origin": [8, 19, 8]},
			"faces": {
				"north": {"uv": [2.5, 0, 5, 2.5], "texture": "#1"},
				"east": {"uv": [0, 0, 0, 2.5], "texture": "#1"},
				"south": {"uv": [5, 0, 2.5, 2.5], "texture": "#1"},
				"west": {"uv": [0, 0, 0, 2.5], "texture": "#1"},
				"up": {"uv": [2.5, 0, 0, 0], "texture": "#1"},
				"down": {"uv": [2.5, 0, 0, 0], "texture": "#1"}
			}
		},
		{
			"from": [5, 14, 1],
			"to": [5, 30, 9],
			"rotation": {"angle": -45, "axis": "y", "origin": [5, 22, 5]},
			"faces": {
				"north": {"uv": [0, 0, 0, 16], "texture": "#2"},
				"east": {"uv": [16, 0, 8, 16], "texture": "#2"},
				"south": {"uv": [0, 0, 0, 16], "texture": "#2"},
				"west": {"uv": [8, 0, 16, 16], "texture": "#2"},
				"up": {"uv": [0, 8, 0, 0], "texture": "#2"},
				"down": {"uv": [0, 0, 0, 8], "texture": "#2"}
			}
		},
		{
			"from": [11, 15, 7],
			"to": [11, 31, 15],
			"rotation": {"angle": -45, "axis": "y", "origin": [11, 22, 11]},
			"faces": {
				"north": {"uv": [0, 0, 0, 16], "texture": "#2"},
				"east": {"uv": [0, 0, 8, 16], "texture": "#2"},
				"south": {"uv": [0, 0, 0, 16], "texture": "#2"},
				"west": {"uv": [8, 0, 0, 16], "texture": "#2"},
				"up": {"uv": [0, 0, 0, 8], "texture": "#2"},
				"down": {"uv": [0, 8, 0, 0], "texture": "#2"}
			}
		}
	],
	"display": {
		"gui": {
			"rotation": [30, 225, 0],
			"translation": [0, 1.25, 0]
		},
		"head": {
			"translation": [0, -27.25, 0],
			"scale": [2, 2, 2]
		},
		"fixed": {
			"rotation": [-90, 0, 0],
			"translation": [0, 0, -14],
			"scale": [2, 2, 2]
		}
	},
	"groups": [
		{
			"name": "group",
			"origin": [8, 19, 8],
			"color": 0,
			"children": [0, 1, 2, 3, 4]
		},
		5,
		6
	]
}