{
	"credit": "Made with Blockbench",
	"texture_size": [32, 32],
	"textures": {
		"1": "cit/cuckoo_clock_roof_0",
		"2": "cit/cuckoo_clock_body",
		"particle": "cit/cuckoo_clock_body"
	},
	"elements": [
		{
			"from": [4, 4, 5],
			"to": [12, 12, 11],
			"rotation": {"angle": 0, "axis": "y", "origin": [0, 7, 0]},
			"faces": {
				"north": {"uv": [0, 0, 4, 4], "texture": "#2"},
				"east": {"uv": [4, 0, 7, 4], "texture": "#2"},
				"south": {"uv": [0, 4, 4, 8], "texture": "#2"},
				"west": {"uv": [4, 4, 7, 8], "texture": "#2"},
				"up": {"uv": [11, 3, 7, 0], "texture": "#2"},
				"down": {"uv": [11, 3, 7, 6], "texture": "#2"}
			}
		},
		{
			"from": [6, 12, 5],
			"to": [10, 14, 11],
			"rotation": {"angle": 0, "axis": "y", "origin": [0, 7, 0]},
			"faces": {
				"north": {"uv": [6, 9, 8, 10], "texture": "#2"},
				"east": {"uv": [2, 8, 5, 9], "texture": "#2"},
				"south": {"uv": [9, 6, 11, 7], "texture": "#2"},
				"west": {"uv": [2, 9, 5, 10], "texture": "#2"},
				"up": {"uv": [9, 9, 7, 6], "texture": "#2"},
				"down": {"uv": [2, 8, 0, 11], "texture": "#2"}
			}
		},
		{
			"from": [0.995, 13.995, 3.995],
			"to": [10.005, 16.005, 12.005],
			"rotation": {"angle": 45, "axis": "z", "origin": [8, 14, 8]},
			"faces": {
				"north": {"uv": [0, 8, 4.5, 9], "texture": "#1"},
				"east": {"uv": [9, 1, 13, 2], "texture": "#1"},
				"south": {"uv": [4.5, 8, 9, 9], "texture": "#1"},
				"west": {"uv": [9, 2, 13, 3], "texture": "#1"},
				"up": {"uv": [4.5, 4, 0, 0], "texture": "#1"},
				"down": {"uv": [4.5, 4, 0, 8], "texture": "#1"}
			}
		},
		{
			"from": [6, 14, 4],
			"to": [15, 16, 12],
			"rotation": {"angle": -45, "axis": "z", "origin": [8, 14, 8]},
			"faces": {
				"north": {"uv": [0, 9, 4.5, 10], "texture": "#1"},
				"east": {"uv": [9, 3, 13, 4], "texture": "#1"},
				"south": {"uv": [9, 0, 13.5, 1], "texture": "#1"},
				"west": {"uv": [9, 4, 13, 5], "texture": "#1"},
				"up": {"uv": [9, 4, 4.5, 0], "texture": "#1"},
				"down": {"uv": [9, 4, 4.5, 8], "texture": "#1"}
			}
		},
		{
			"from": [9, -6, 8],
			"to": [10, 4, 8],
			"faces": {
				"north": {"uv": [5, 8, 5.5, 13], "texture": "#2"},
				"east": {"uv": [0, 0, 0, 5], "texture": "#2"},
				"south": {"uv": [5, 8, 5.5, 13], "texture": "#2"},
				"west": {"uv": [0, 0, 0, 5], "texture": "#2"},
				"up": {"uv": [0.5, 0, 0, 0], "texture": "#2"},
				"down": {"uv": [0.5, 0, 0, 0], "texture": "#2"}
			}
		},
		{
			"from": [7, -4, 7.5],
			"to": [8, -1, 8.5],
			"rotation": {"angle": 0, "axis": "y", "origin": [0, 0, 0.5]},
			"faces": {
				"north": {"uv": [4, 10, 4.5, 11.5], "texture": "#2"},
				"east": {"uv": [4.5, 10, 5, 11.5], "texture": "#2"},
				"south": {"uv": [6, 10, 6.5, 11.5], "texture": "#2"},
				"west": {"uv": [6.5, 10, 7, 11.5], "texture": "#2"},
				"up": {"uv": [0.5, 11.5, 0, 11], "texture": "#2"},
				"down": {"uv": [11.5, 0, 11, 0.5], "texture": "#2"}
			}
		},
		{
			"from": [9, -9, 7.5],
			"to": [10, -6, 8.5],
			"rotation": {"angle": 0, "axis": "y", "origin": [0, 0, 0.5]},
			"faces": {
				"north": {"uv": [7, 10, 7.5, 11.5], "texture": "#2"},
				"east": {"uv": [7.5, 10, 8, 11.5], "texture": "#2"},
				"south": {"uv": [8, 10, 8.5, 11.5], "texture": "#2"},
				"west": {"uv": [8.5, 10, 9, 11.5], "texture": "#2"},
				"up": {"uv": [1, 11.5, 0.5, 11], "texture": "#2"},
				"down": {"uv": [11.5, 0.5, 11, 1], "texture": "#2"}
			}
		},
		{
			"from": [7, -1, 8],
			"to": [8, 4, 8],
			"faces": {
				"north": {"uv": [2, 10, 2.5, 12.5], "texture": "#2"},
				"east": {"uv": [0, 0, 0, 2.5], "texture": "#2"},
				"south": {"uv": [2, 10, 2.5, 12.5], "texture": "#2"},
				"west": {"uv": [0, 0, 0, 2.5], "texture": "#2"},
				"up": {"uv": [0.5, 0, 0, 0], "texture": "#2"},
				"down": {"uv": [0.5, 0, 0, 0], "texture": "#2"}
			}
		},
		{
			"from": [7, 9, 3],
			"to": [9, 10, 5],
			"faces": {
				"north": {"uv": [10, 9.5, 11, 10], "texture": "#2"},
				"east": {"uv": [10, 10, 11, 10.5], "texture": "#2"},
				"south": {"uv": [9, 10.5, 10, 11], "texture": "#2"},
				"west": {"uv": [10, 10.5, 11, 11], "texture": "#2"},
				"up": {"uv": [7, 9, 6, 8], "texture": "#2"},
				"down": {"uv": [4, 10, 3, 11], "texture": "#2"}
			}
		}
	],
	"display": {
		"thirdperson_righthand": {
			"rotation": [75, 45, 0],
			"translation": [0, 1.75, 0],
			"scale": [0.375, 0.375, 0.375]
		},
		"thirdperson_lefthand": {
			"rotation": [75, 45, 0],
			"translation": [0, 1.75, 0],
			"scale": [0.375, 0.375, 0.375]
		},
		"ground": {
			"translation": [0, 14.5, 0]
		},
		"gui": {
			"rotation": [30, 225, 0],
			"translation": [0, 1.25, 0]
		},
		"fixed": {
			"translation": [0, 0, -6],
			"scale": [2, 2, 2]
		}
	},
	"groups": [
		{
			"name": "group",
			"origin": [8, 7, 8],
			"color": 9,
			"children": [0, 1]
		},
		{
			"name": "group",
			"origin": [8, 8, 8],
			"color": 9,
			"children": [2, 3]
		},
		4,
		5,
		6,
		7,
		8
	]
}