{
	"credit": "Made with Blockbench",
	"texture_size": [32, 32],
	"textures": {
		"0": "block/dirt",
		"2": "cit/pot_4",
		"3": "cit/cypress",
		"particle": "block/dirt"
	},
	"elements": [
		{
			"from": [4, 0, 4],
			"to": [12, 1, 12],
			"faces": {
				"north": {"uv": [11, 4, 15, 4.5], "texture": "#2"},
				"east": {"uv": [11, 4.5, 15, 5], "texture": "#2"},
				"south": {"uv": [11, 5, 15, 5.5], "texture": "#2"},
				"west": {"uv": [11, 5.5, 15, 6], "texture": "#2"},
				"up": {"uv": [4, 4, 0, 0], "texture": "#2"},
				"down": {"uv": [4, 4, 0, 8], "texture": "#2"}
			}
		},
		{
			"from": [11, 1, 4],
			"to": [12, 9, 12],
			"faces": {
				"north": {"uv": [0, 12, 0.5, 16], "texture": "#2"},
				"east": {"uv": [4, 0, 8, 4], "texture": "#2"},
				"south": {"uv": [12, 0, 12.5, 4], "texture": "#2"},
				"west": {"uv": [4, 4, 8, 8], "texture": "#2"},
				"up": {"uv": [1, 16, 0.5, 12], "texture": "#2"},
				"down": {"uv": [1.5, 12, 1, 16], "texture": "#2"}
			}
		},
		{
			"from": [4, 1, 4],
			"to": [5, 9, 12],
			"faces": {
				"north": {"uv": [1.5, 12, 2, 16], "texture": "#2"},
				"east": {"uv": [0, 8, 4, 12], "texture": "#2"},
				"south": {"uv": [2, 12, 2.5, 16], "texture": "#2"},
				"west": {"uv": [8, 0, 12, 4], "texture": "#2"},
				"up": {"uv": [3, 16, 2.5, 12], "texture": "#2"},
				"down": {"uv": [3.5, 12, 3, 16], "texture": "#2"}
			}
		},
		{
			"from": [5, 1, 11],
			"to": [11, 9, 12],
			"faces": {
				"north": {"uv": [4, 8, 7, 12], "texture": "#2"},
				"east": {"uv": [3.5, 12, 4, 16], "texture": "#2"},
				"south": {"uv": [8, 4, 11, 8], "texture": "#2"},
				"west": {"uv": [4, 12, 4.5, 16], "texture": "#2"},
				"up": {"uv": [14, 6.5, 11, 6], "texture": "#2"},
				"down": {"uv": [14, 6.5, 11, 7], "texture": "#2"}
			}
		},
		{
			"from": [5, 1, 4],
			"to": [11, 9, 5],
			"faces": {
				"north": {"uv": [7, 8, 10, 12], "texture": "#2"},
				"east": {"uv": [4.5, 12, 5, 16], "texture": "#2"},
				"south": {"uv": [10, 8, 13, 12], "texture": "#2"},
				"west": {"uv": [5, 12, 5.5, 16], "texture": "#2"},
				"up": {"uv": [14, 7.5, 11, 7], "texture": "#2"},
				"down": {"uv": [14, 7.5, 11, 8], "texture": "#2"}
			}
		},
		{
			"from": [5, 1, 5],
			"to": [11, 8, 11],
			"faces": {
				"north": {"uv": [0, 0, 6, 7], "texture": "#0"},
				"east": {"uv": [0, 0, 6, 7], "texture": "#0"},
				"south": {"uv": [0, 0, 6, 7], "texture": "#0"},
				"west": {"uv": [0, 0, 6, 7], "texture": "#0"},
				"up": {"uv": [0, 0, 6, 6], "texture": "#0"},
				"down": {"uv": [0, 0, 6, 6], "texture": "#0"}
			}
		},
		{
			"from": [2, 8, 8],
			"to": [14, 32, 8],
			"faces": {
				"north": {"uv": [0, 0, 6, 12], "texture": "#3"},
				"east": {"uv": [0, 0, 0, 12], "texture": "#3"},
				"south": {"uv": [6, 0, 0, 12], "texture": "#3"},
				"west": {"uv": [0, 0, 0, 12], "texture": "#3"},
				"up": {"uv": [6, 0, 0, 0], "texture": "#3"},
				"down": {"uv": [6, 0, 0, 0], "texture": "#3"}
			}
		},
		{
			"from": [8, 8, 2],
			"to": [8, 32, 14],
			"rotation": {"angle": 0, "axis": "y", "origin": [8, 20, 8]},
			"faces": {
				"north": {"uv": [0, 0, 0, 12], "texture": "#3"},
				"east": {"uv": [6, 0, 0, 12], "texture": "#3"},
				"south": {"uv": [0, 0, 0, 12], "texture": "#3"},
				"west": {"uv": [0, 0, 6, 12], "texture": "#3"},
				"up": {"uv": [6, 0, 0, 0], "rotation": 270, "texture": "#3"},
				"down": {"uv": [6, 0, 0, 0], "rotation": 90, "texture": "#3"}
			}
		},
		{
			"from": [8, 8, 2],
			"to": [8, 32, 14],
			"rotation": {"angle": 45, "axis": "y", "origin": [8, 20, 8]},
			"faces": {
				"north": {"uv": [0, 0, 0, 12], "texture": "#3"},
				"east": {"uv": [6, 0, 0, 12], "texture": "#3"},
				"south": {"uv": [0, 0, 0, 12], "texture": "#3"},
				"west": {"uv": [0, 0, 6, 12], "texture": "#3"},
				"up": {"uv": [6, 0, 0, 0], "rotation": 270, "texture": "#3"},
				"down": {"uv": [6, 0, 0, 0], "rotation": 90, "texture": "#3"}
			}
		},
		{
			"from": [2, 8, 8],
			"to": [14, 32, 8],
			"rotation": {"angle": 45, "axis": "y", "origin": [8, 20, 8]},
			"faces": {
				"north": {"uv": [6, 0, 0, 12], "texture": "#3"},
				"east": {"uv": [0, 0, 0, 12], "texture": "#3"},
				"south": {"uv": [0, 0, 6, 12], "texture": "#3"},
				"west": {"uv": [0, 0, 0, 12], "texture": "#3"},
				"up": {"uv": [6, 0, 0, 0], "rotation": 180, "texture": "#3"},
				"down": {"uv": [6, 0, 0, 0], "rotation": 180, "texture": "#3"}
			}
		}
	],
	"display": {
		"thirdperson_righthand": {
			"rotation": [75, 45, 0],
			"translation": [0, 1, 0],
			"scale": [0.375, 0.375, 0.375]
		},
		"thirdperson_lefthand": {
			"rotation": [75, 45, 0],
			"translation": [0, 1, 0],
			"scale": [0.375, 0.375, 0.375]
		},
		"firstperson_righthand": {
			"rotation": [0, 45, 0],
			"scale": [0.4, 0.4, 0.4]
		},
		"firstperson_lefthand": {
			"rotation": [0, 45, 0],
			"scale": [0.4, 0.4, 0.4]
		},
		"ground": {
			"translation": [0, 3.25, 0]
		},
		"gui": {
			"rotation": [30, 225, 0],
			"translation": [0, 1.25, 0]
		},
		"fixed": {
			"rotation": [-90, 0, 0],
			"translation": [0, 0, -14],
			"scale": [2, 2, 2]
		}
	},
	"groups": [
		{
			"name": "group",
			"origin": [0, 0, 0],
			"color": 0,
			"children": [0, 1, 2, 3, 4, 5]
		},
		{
			"name": "group",
			"origin": [8, 20, 8],
			"color": 0,
			"children": [6, 7, 8, 9]
		}
	]
}