{
	"credit": "Made with Blockbench",
	"texture_size": [32, 32],
	"textures": {
		"0": "block/dirt",
		"1": "cit/pot_6",
		"3": "cit/fan_palm",
		"particle": "block/dirt"
	},
	"elements": [
		{
			"from": [5, 1, 5],
			"to": [11, 10, 11],
			"faces": {
				"north": {"uv": [0, 0, 6, 9], "texture": "#0"},
				"east": {"uv": [0, 0, 6, 9], "texture": "#0"},
				"south": {"uv": [0, 0, 6, 9], "texture": "#0"},
				"west": {"uv": [0, 0, 6, 9], "texture": "#0"},
				"up": {"uv": [0, 0, 6, 6], "texture": "#0"},
				"down": {"uv": [0, 0, 6, 6], "texture": "#0"}
			}
		},
		{
			"from": [4, 0, 4],
			"to": [12, 1, 12],
			"faces": {
				"north": {"uv": [6, 2.5, 8, 2.75], "texture": "#1"},
				"east": {"uv": [6, 2.75, 8, 3], "texture": "#1"},
				"south": {"uv": [6, 3, 8, 3.25], "texture": "#1"},
				"west": {"uv": [6, 3.25, 8, 3.5], "texture": "#1"},
				"up": {"uv": [6, 2, 4, 0], "texture": "#1"},
				"down": {"uv": [6, 2, 4, 4], "texture": "#1"}
			}
		},
		{
			"from": [11, 1, 4],
			"to": [12, 11, 12],
			"faces": {
				"north": {"uv": [3, 5, 3.25, 7.5], "texture": "#1"},
				"east": {"uv": [0, 0, 2, 2.5], "texture": "#1"},
				"south": {"uv": [3.25, 5, 3.5, 7.5], "texture": "#1"},
				"west": {"uv": [2, 0, 4, 2.5], "texture": "#1"},
				"up": {"uv": [4.5, 8.5, 4.25, 6.5], "texture": "#1"},
				"down": {"uv": [4.75, 6.5, 4.5, 8.5], "texture": "#1"}
			}
		},
		{
			"from": [4, 1, 4],
			"to": [5, 11, 12],
			"faces": {
				"north": {"uv": [3.5, 5, 3.75, 7.5], "texture": "#1"},
				"east": {"uv": [0, 2.5, 2, 5], "texture": "#1"},
				"south": {"uv": [3.75, 5, 4, 7.5], "texture": "#1"},
				"west": {"uv": [2, 2.5, 4, 5], "texture": "#1"},
				"up": {"uv": [5, 8.5, 4.75, 6.5], "texture": "#1"},
				"down": {"uv": [5.25, 6.5, 5, 8.5], "texture": "#1"}
			}
		},
		{
			"from": [5, 1, 11],
			"to": [11, 11, 12],
			"faces": {
				"north": {"uv": [4, 4, 5.5, 6.5], "texture": "#1"},
				"east": {"uv": [6, 0, 6.25, 2.5], "texture": "#1"},
				"south": {"uv": [0, 5, 1.5, 7.5], "texture": "#1"},
				"west": {"uv": [6.25, 0, 6.5, 2.5], "texture": "#1"},
				"up": {"uv": [7.5, 3.75, 6, 3.5], "texture": "#1"},
				"down": {"uv": [7.5, 3.75, 6, 4], "texture": "#1"}
			}
		},
		{
			"from": [5, 1, 4],
			"to": [11, 11, 5],
			"faces": {
				"north": {"uv": [1.5, 5, 3, 7.5], "texture": "#1"},
				"east": {"uv": [6.5, 0, 6.75, 2.5], "texture": "#1"},
				"south": {"uv": [5.5, 4, 7, 6.5], "texture": "#1"},
				"west": {"uv": [4, 6.5, 4.25, 9], "texture": "#1"},
				"up": {"uv": [6.75, 6.75, 5.25, 6.5], "texture": "#1"},
				"down": {"uv": [8.25, 0, 6.75, 0.25], "texture": "#1"}
			}
		},
		{
			"from": [0, 25.16414, -14.19813],
			"to": [16, 25.16414, 1.80187],
			"rotation": {"angle": 45, "axis": "x", "origin": [8, 25.16414, 1.80187]},
			"faces": {
				"north": {"uv": [0, 0, 8, 0], "texture": "#3"},
				"east": {"uv": [0, 0, 8, 0], "texture": "#3"},
				"south": {"uv": [0, 0, 8, 0], "texture": "#3"},
				"west": {"uv": [0, 0, 8, 0], "texture": "#3"},
				"up": {"uv": [8, 8, 0, 0], "texture": "#3"},
				"down": {"uv": [8, 0, 0, 8], "texture": "#3"}
			}
		},
		{
			"from": [0, 25.16414, 14.19813],
			"to": [16, 25.16414, 30.19813],
			"rotation": {"angle": -45, "axis": "x", "origin": [8, 25.16414, 14.19813]},
			"faces": {
				"north": {"uv": [8, 0, 0, 0], "texture": "#3"},
				"east": {"uv": [8, 0, 0, 0], "texture": "#3"},
				"south": {"uv": [8, 0, 0, 0], "texture": "#3"},
				"west": {"uv": [8, 0, 0, 0], "texture": "#3"},
				"up": {"uv": [8, 0, 0, 8], "texture": "#3"},
				"down": {"uv": [8, 8, 0, 0], "texture": "#3"}
			}
		},
		{
			"from": [0, 26, -8],
			"to": [16, 26, 8],
			"rotation": {"angle": 45, "axis": "x", "origin": [8, 26, 8]},
			"faces": {
				"north": {"uv": [0, 0, 8, 0], "texture": "#3"},
				"east": {"uv": [0, 0, 8, 0], "texture": "#3"},
				"south": {"uv": [0, 0, 8, 0], "texture": "#3"},
				"west": {"uv": [0, 0, 8, 0], "texture": "#3"},
				"up": {"uv": [8, 8, 0, 0], "texture": "#3"},
				"down": {"uv": [8, 0, 0, 8], "texture": "#3"}
			}
		},
		{
			"from": [0, 26, 8],
			"to": [16, 26, 24],
			"rotation": {"angle": -45, "axis": "x", "origin": [8, 26, 8]},
			"faces": {
				"north": {"uv": [8, 0, 0, 0], "texture": "#3"},
				"east": {"uv": [8, 0, 0, 0], "texture": "#3"},
				"south": {"uv": [8, 0, 0, 0], "texture": "#3"},
				"west": {"uv": [8, 0, 0, 0], "texture": "#3"},
				"up": {"uv": [8, 0, 0, 8], "texture": "#3"},
				"down": {"uv": [8, 8, 0, 0], "texture": "#3"}
			}
		},
		{
			"from": [-8.70681, 26.29219, 0],
			"to": [7.29319, 26.29219, 16],
			"rotation": {"angle": -45, "axis": "z", "origin": [7.29319, 25.29219, 16]},
			"faces": {
				"north": {"uv": [0, 0, 8, 0], "texture": "#3"},
				"east": {"uv": [0, 0, 8, 0], "texture": "#3"},
				"south": {"uv": [0, 0, 8, 0], "texture": "#3"},
				"west": {"uv": [0, 0, 8, 0], "texture": "#3"},
				"up": {"uv": [8, 8, 0, 0], "rotation": 270, "texture": "#3"},
				"down": {"uv": [8, 0, 0, 8], "rotation": 90, "texture": "#3"}
			}
		},
		{
			"from": [8.70681, 26.29219, 0],
			"to": [24.70681, 26.29219, 16],
			"rotation": {"angle": 45, "axis": "z", "origin": [8.70681, 25.29219, 16]},
			"faces": {
				"north": {"uv": [8, 0, 0, 0], "texture": "#3"},
				"east": {"uv": [8, 0, 0, 0], "texture": "#3"},
				"south": {"uv": [8, 0, 0, 0], "texture": "#3"},
				"west": {"uv": [8, 0, 0, 0], "texture": "#3"},
				"up": {"uv": [8, 0, 0, 8], "rotation": 270, "texture": "#3"},
				"down": {"uv": [8, 8, 0, 0], "rotation": 90, "texture": "#3"}
			}
		},
		{
			"from": [-14.83075, 25.07426, -1],
			"to": [1.16925, 25.07426, 15],
			"rotation": {"angle": -45, "axis": "z", "origin": [1.16925, 24.07426, 8]},
			"faces": {
				"north": {"uv": [0, 0, 8, 0], "texture": "#3"},
				"east": {"uv": [0, 0, 8, 0], "texture": "#3"},
				"south": {"uv": [0, 0, 8, 0], "texture": "#3"},
				"west": {"uv": [0, 0, 8, 0], "texture": "#3"},
				"up": {"uv": [8, 8, 0, 0], "rotation": 270, "texture": "#3"},
				"down": {"uv": [8, 0, 0, 8], "rotation": 90, "texture": "#3"}
			}
		},
		{
			"from": [14.12293, 24.78107, 0],
			"to": [30.12293, 24.78107, 16],
			"rotation": {"angle": 45, "axis": "z", "origin": [14.12293, 24.78107, 8]},
			"faces": {
				"north": {"uv": [8, 0, 0, 0], "texture": "#3"},
				"east": {"uv": [8, 0, 0, 0], "texture": "#3"},
				"south": {"uv": [8, 0, 0, 0], "texture": "#3"},
				"west": {"uv": [8, 0, 0, 0], "texture": "#3"},
				"up": {"uv": [8, 0, 0, 8], "rotation": 270, "texture": "#3"},
				"down": {"uv": [8, 8, 0, 0], "rotation": 90, "texture": "#3"}
			}
		},
		{
			"from": [4, 15.65515, -5.65756],
			"to": [12, 15.65515, 2.34244],
			"rotation": {"angle": 22.5, "axis": "x", "origin": [8, 15.65515, 2.34244]},
			"faces": {
				"north": {"uv": [8, 0, 0, 0], "texture": "#3"},
				"east": {"uv": [8, 0, 0, 0], "texture": "#3"},
				"south": {"uv": [8, 0, 0, 0], "texture": "#3"},
				"west": {"uv": [8, 0, 0, 0], "texture": "#3"},
				"up": {"uv": [16, 0, 12, 4], "rotation": 180, "texture": "#3"},
				"down": {"uv": [16, 4, 12, 0], "rotation": 180, "texture": "#3"}
			}
		},
		{
			"from": [4, 15.65515, 13.65756],
			"to": [12, 15.65515, 21.65756],
			"rotation": {"angle": -22.5, "axis": "x", "origin": [8, 15.65515, 13.65756]},
			"faces": {
				"north": {"uv": [0, 0, 8, 0], "texture": "#3"},
				"east": {"uv": [0, 0, 8, 0], "texture": "#3"},
				"south": {"uv": [0, 0, 8, 0], "texture": "#3"},
				"west": {"uv": [0, 0, 8, 0], "texture": "#3"},
				"up": {"uv": [16, 4, 12, 0], "rotation": 180, "texture": "#3"},
				"down": {"uv": [16, 0, 12, 4], "rotation": 180, "texture": "#3"}
			}
		},
		{
			"from": [-5.65685, 15.65585, 4],
			"to": [2.34315, 15.65585, 12],
			"rotation": {"angle": -22.5, "axis": "z", "origin": [2.34315, 15.65585, 8]},
			"faces": {
				"north": {"uv": [0, 0, 8, 0], "texture": "#3"},
				"east": {"uv": [0, 0, 8, 0], "texture": "#3"},
				"south": {"uv": [0, 0, 8, 0], "texture": "#3"},
				"west": {"uv": [0, 0, 8, 0], "texture": "#3"},
				"up": {"uv": [16, 4, 12, 0], "rotation": 270, "texture": "#3"},
				"down": {"uv": [16, 0, 12, 4], "rotation": 90, "texture": "#3"}
			}
		},
		{
			"from": [13.65685, 15.65585, 4],
			"to": [21.65685, 15.65585, 12],
			"rotation": {"angle": 22.5, "axis": "z", "origin": [13.65685, 15.65585, 8]},
			"faces": {
				"north": {"uv": [8, 0, 0, 0], "texture": "#3"},
				"east": {"uv": [8, 0, 0, 0], "texture": "#3"},
				"south": {"uv": [8, 0, 0, 0], "texture": "#3"},
				"west": {"uv": [8, 0, 0, 0], "texture": "#3"},
				"up": {"uv": [16, 0, 12, 4], "rotation": 270, "texture": "#3"},
				"down": {"uv": [16, 4, 12, 0], "rotation": 90, "texture": "#3"}
			}
		},
		{
			"from": [4, 10, 8],
			"to": [12, 26, 8],
			"rotation": {"angle": -22.5, "axis": "x", "origin": [8, 10, 7]},
			"faces": {
				"north": {"uv": [12, 0, 8, 8], "rotation": 180, "texture": "#3"},
				"east": {"uv": [0, 0, 8, 0], "rotation": 270, "texture": "#3"},
				"south": {"uv": [12, 8, 8, 0], "texture": "#3"},
				"west": {"uv": [0, 0, 8, 0], "rotation": 90, "texture": "#3"},
				"up": {"uv": [0, 0, 4, 0], "rotation": 180, "texture": "#3"},
				"down": {"uv": [0, 0, 4, 0], "texture": "#3"}
			}
		},
		{
			"from": [4, 10, 8],
			"to": [12, 26, 8],
			"rotation": {"angle": 22.5, "axis": "x", "origin": [8, 10, 9]},
			"faces": {
				"north": {"uv": [8, 8, 12, 0], "texture": "#3"},
				"east": {"uv": [0, 0, 8, 0], "rotation": 270, "texture": "#3"},
				"south": {"uv": [8, 0, 12, 8], "rotation": 180, "texture": "#3"},
				"west": {"uv": [0, 0, 8, 0], "rotation": 90, "texture": "#3"},
				"up": {"uv": [0, 0, 4, 0], "rotation": 180, "texture": "#3"},
				"down": {"uv": [0, 0, 4, 0], "texture": "#3"}
			}
		},
		{
			"from": [8, 10, 4],
			"to": [8, 26, 12],
			"rotation": {"angle": 22.5, "axis": "z", "origin": [8, 10, 8]},
			"faces": {
				"north": {"uv": [0, 0, 8, 0], "rotation": 90, "texture": "#3"},
				"east": {"uv": [8, 8, 12, 0], "texture": "#3"},
				"south": {"uv": [0, 0, 8, 0], "rotation": 270, "texture": "#3"},
				"west": {"uv": [8, 0, 12, 8], "rotation": 180, "texture": "#3"},
				"up": {"uv": [0, 0, 4, 0], "rotation": 270, "texture": "#3"},
				"down": {"uv": [0, 0, 4, 0], "rotation": 270, "texture": "#3"}
			}
		},
		{
			"from": [8, 10, 4],
			"to": [8, 26, 12],
			"rotation": {"angle": 0, "axis": "z", "origin": [8, 10, 8]},
			"faces": {
				"north": {"uv": [0, 0, 8, 0], "rotation": 90, "texture": "#3"},
				"east": {"uv": [8, 8, 12, 0], "texture": "#3"},
				"south": {"uv": [0, 0, 8, 0], "rotation": 270, "texture": "#3"},
				"west": {"uv": [8, 0, 12, 8], "rotation": 180, "texture": "#3"},
				"up": {"uv": [0, 0, 4, 0], "rotation": 270, "texture": "#3"},
				"down": {"uv": [0, 0, 4, 0], "rotation": 270, "texture": "#3"}
			}
		},
		{
			"from": [4, 10, 8],
			"to": [12, 26, 8],
			"rotation": {"angle": 0, "axis": "y", "origin": [8, 10, 8]},
			"faces": {
				"north": {"uv": [12, 0, 8, 8], "rotation": 180, "texture": "#3"},
				"east": {"uv": [0, 0, 8, 0], "rotation": 270, "texture": "#3"},
				"south": {"uv": [12, 8, 8, 0], "texture": "#3"},
				"west": {"uv": [0, 0, 8, 0], "rotation": 90, "texture": "#3"},
				"up": {"uv": [0, 0, 4, 0], "rotation": 180, "texture": "#3"},
				"down": {"uv": [0, 0, 4, 0], "texture": "#3"}
			}
		},
		{
			"from": [8, 10, 4],
			"to": [8, 26, 12],
			"rotation": {"angle": -22.5, "axis": "z", "origin": [8, 10, 8]},
			"faces": {
				"north": {"uv": [0, 0, 8, 0], "rotation": 90, "texture": "#3"},
				"east": {"uv": [12, 0, 8, 8], "rotation": 180, "texture": "#3"},
				"south": {"uv": [0, 0, 8, 0], "rotation": 270, "texture": "#3"},
				"west": {"uv": [12, 8, 8, 0], "texture": "#3"},
				"up": {"uv": [0, 0, 4, 0], "rotation": 270, "texture": "#3"},
				"down": {"uv": [0, 0, 4, 0], "rotation": 270, "texture": "#3"}
			}
		},
		{
			"from": [8, 10, 7.5],
			"to": [8, 18, 8.5],
			"rotation": {"angle": 45, "axis": "z", "origin": [8, 10, 11.5]},
			"faces": {
				"north": {"uv": [0, 0, 8, 0], "rotation": 270, "texture": "#3"},
				"east": {"uv": [14, 8, 13.5, 3.5], "texture": "#3"},
				"south": {"uv": [0, 0, 8, 0], "rotation": 90, "texture": "#3"},
				"west": {"uv": [14, 3.5, 13.5, 8], "rotation": 180, "texture": "#3"},
				"up": {"uv": [0, 0, 4, 0], "rotation": 90, "texture": "#3"},
				"down": {"uv": [0, 0, 4, 0], "rotation": 90, "texture": "#3"}
			}
		},
		{
			"from": [8, 10, 7.5],
			"to": [8, 18, 8.5],
			"rotation": {"angle": -45, "axis": "z", "origin": [8, 10, 11.5]},
			"faces": {
				"north": {"uv": [0, 0, 8, 0], "rotation": 270, "texture": "#3"},
				"east": {"uv": [13.5, 3.5, 14, 8], "rotation": 180, "texture": "#3"},
				"south": {"uv": [0, 0, 8, 0], "rotation": 90, "texture": "#3"},
				"west": {"uv": [13.5, 8, 14, 3.5], "texture": "#3"},
				"up": {"uv": [0, 0, 4, 0], "rotation": 90, "texture": "#3"},
				"down": {"uv": [0, 0, 4, 0], "rotation": 90, "texture": "#3"}
			}
		},
		{
			"from": [7.5, 10, 8],
			"to": [8.5, 18, 8],
			"rotation": {"angle": 45, "axis": "x", "origin": [8, 10, 8]},
			"faces": {
				"north": {"uv": [13.5, 8, 14, 3.5], "texture": "#3"},
				"east": {"uv": [0, 0, 8, 0], "rotation": 270, "texture": "#3"},
				"south": {"uv": [13.5, 3.5, 14, 8], "rotation": 180, "texture": "#3"},
				"west": {"uv": [0, 0, 8, 0], "rotation": 90, "texture": "#3"},
				"up": {"uv": [0, 0, 4, 0], "rotation": 180, "texture": "#3"},
				"down": {"uv": [0, 0, 4, 0], "texture": "#3"}
			}
		},
		{
			"from": [7.5, 10, 8],
			"to": [8.5, 18, 8],
			"rotation": {"angle": -45, "axis": "x", "origin": [8, 10, 8]},
			"faces": {
				"north": {"uv": [14, 3.5, 13.5, 8], "rotation": 180, "texture": "#3"},
				"east": {"uv": [0, 0, 8, 0], "rotation": 270, "texture": "#3"},
				"south": {"uv": [14, 8, 13.5, 3.5], "texture": "#3"},
				"west": {"uv": [0, 0, 8, 0], "rotation": 90, "texture": "#3"},
				"up": {"uv": [0, 0, 4, 0], "rotation": 180, "texture": "#3"},
				"down": {"uv": [0, 0, 4, 0], "texture": "#3"}
			}
		}
	],
	"display": {
		"thirdperson_righthand": {
			"rotation": [75, 45, 0],
			"translation": [0, 1.75, 0],
			"scale": [0.375, 0.375, 0.375]
		},
		"thirdperson_lefthand": {
			"rotation": [75, 45, 0],
			"translation": [0, 1.75, 0],
			"scale": [0.375, 0.375, 0.375]
		},
		"ground": {
			"translation": [0, 6.75, 0]
		},
		"gui": {
			"rotation": [30, 225, 0],
			"translation": [0, 1.25, 0]
		},
		"fixed": {
			"rotation": [-90, 0, 0],
			"translation": [0, 0, -14],
			"scale": [2, 2, 2]
		}
	},
	"groups": [
		0,
		{
			"name": "group",
			"origin": [0, 0, 0],
			"color": 0,
			"children": [1, 2, 3, 4, 5]
		},
		{
			"name": "group",
			"origin": [8, 8, 8],
			"color": 0,
			"children": [6, 7, 8, 9, 10, 11, 12, 13, 14, 15, 16, 17, 18, 19, 20, 21, 22, 23, 24, 25, 26, 27]
		}
	]
}