{
	"credit": "Made with Blockbench",
	"texture_size": [32, 32],
	"textures": {
		"2": "cit/lamp_c",
		"particle": "cit/lamp_c"
	},
	"elements": [
		{
			"from": [5, 1, 5],
			"to": [11, 9, 11],
			"rotation": {"angle": 0, "axis": "y", "origin": [7, 0, 7]},
			"faces": {
				"north": {"uv": [4, 7, 7, 11], "texture": "#2"},
				"east": {"uv": [7, 7, 10, 11], "texture": "#2"},
				"south": {"uv": [7.5, 0, 10.5, 4], "texture": "#2"},
				"west": {"uv": [0, 8, 3, 12], "texture": "#2"},
				"up": {"uv": [10.5, 7, 7.5, 4], "texture": "#2"},
				"down": {"uv": [13, 7, 10, 10], "texture": "#2"}
			}
		},
		{
			"from": [6.5, 9, 6.5],
			"to": [9.5, 10, 9.5],
			"rotation": {"angle": 0, "axis": "y", "origin": [6.5, 0, 6.5]},
			"faces": {
				"north": {"uv": [10.5, 6.5, 12, 7], "texture": "#2"},
				"east": {"uv": [3, 11, 4.5, 11.5], "texture": "#2"},
				"south": {"uv": [4.5, 11, 6, 11.5], "texture": "#2"},
				"west": {"uv": [6, 11, 7.5, 11.5], "texture": "#2"},
				"up": {"uv": [11.5, 11.5, 10, 10], "texture": "#2"},
				"down": {"uv": [12, 0, 10.5, 1.5], "texture": "#2"}
			}
		},
		{
			"from": [4, 10, 8],
			"to": [12, 18, 8],
			"rotation": {"angle": 0, "axis": "y", "origin": [8, 14, 8]},
			"faces": {
				"north": {"uv": [0, 0, 4, 4], "texture": "#2"},
				"east": {"uv": [0, 0, 0, 4], "texture": "#2"},
				"south": {"uv": [4, 0, 0, 4], "texture": "#2"},
				"west": {"uv": [0, 0, 0, 4], "texture": "#2"},
				"up": {"uv": [0, 4, 0, 0], "rotation": 90, "texture": "#2"},
				"down": {"uv": [0, 0, 0, 4], "rotation": 270, "texture": "#2"}
			}
		},
		{
			"from": [7, 10, 7],
			"to": [9, 11, 9],
			"rotation": {"angle": 0, "axis": "y", "origin": [7, 0, 7]},
			"faces": {
				"north": {"uv": [3, 10, 4, 10.5], "texture": "#2"},
				"east": {"uv": [3, 10.5, 4, 11], "texture": "#2"},
				"south": {"uv": [9, 11, 10, 11.5], "texture": "#2"},
				"west": {"uv": [7.5, 11.5, 8.5, 12], "texture": "#2"},
				"up": {"uv": [4, 9, 3, 8], "texture": "#2"},
				"down": {"uv": [4, 9, 3, 10], "texture": "#2"}
			}
		},
		{
			"from": [6.5, 11, 6.5],
			"to": [9.5, 11.5, 9.5],
			"rotation": {"angle": 0, "axis": "y", "origin": [6.5, 0, 6.5]},
			"faces": {
				"north": {"uv": [7.5, 11, 9, 11.5], "texture": "#2"},
				"east": {"uv": [3, 11.5, 4.5, 12], "texture": "#2"},
				"south": {"uv": [4.5, 11.5, 6, 12], "texture": "#2"},
				"west": {"uv": [6, 11.5, 7.5, 12], "texture": "#2"},
				"up": {"uv": [12, 3, 10.5, 1.5], "texture": "#2"},
				"down": {"uv": [12, 3, 10.5, 4.5], "texture": "#2"}
			}
		},
		{
			"from": [4.75, 0, 4.75],
			"to": [11.25, 1, 11.25],
			"rotation": {"angle": 0, "axis": "y", "origin": [6.75, 0, 7.75]},
			"faces": {
				"north": {"uv": [10.5, 4.5, 14, 5], "texture": "#2"},
				"east": {"uv": [10.5, 5, 14, 5.5], "texture": "#2"},
				"south": {"uv": [10.5, 5.5, 14, 6], "texture": "#2"},
				"west": {"uv": [10.5, 6, 14, 6.5], "texture": "#2"},
				"up": {"uv": [7.5, 3.5, 4, 0], "texture": "#2"},
				"down": {"uv": [7.5, 3.5, 4, 7], "texture": "#2"}
			}
		}
	],
	"display": {
		"thirdperson_righthand": {
			"rotation": [70.25, 0, 0],
			"translation": [0, -2.75, -4.5]
		},
		"thirdperson_lefthand": {
			"rotation": [70.25, 0, 0],
			"translation": [0, -2.75, -4.5]
		},
		"ground": {
			"translation": [0, 3.25, 0]
		},
		"gui": {
			"rotation": [30, 225, 0],
			"translation": [0, 1.25, 0]
		},
		"fixed": {
			"rotation": [-90, 0, 0],
			"translation": [0, 0, -14],
			"scale": [2, 2, 2]
		}
	},
	"groups": [
		{
			"name": "group",
			"origin": [6.75, 0, 7.75],
			"color": 0,
			"children": [0, 1, 2, 3, 4, 5]
		}
	]
}