{
	"credit": "Made with Blockbench",
	"texture_size": [64, 64],
	"textures": {
		"0": "block/stripped_oak_log",
		"1": "cit/mirror_0",
		"particle": "block/stripped_oak_log"
	},
	"elements": [
		{
			"from": [2, 5, 7],
			"to": [14, 29, 9],
			"rotation": {"angle": 22.5, "axis": "x", "origin": [8, 17, 8]},
			"faces": {
				"north": {"uv": [0, 0, 3, 6], "texture": "#1"},
				"east": {"uv": [0, 6, 0.5, 12], "texture": "#1"},
				"south": {"uv": [3, 0, 6, 6], "texture": "#1"},
				"west": {"uv": [6, 0, 6.5, 6], "texture": "#1"},
				"up": {"uv": [3.5, 6.5, 0.5, 6], "texture": "#1"},
				"down": {"uv": [6.5, 6, 3.5, 6.5], "texture": "#1"}
			}
		},
		{
			"from": [14, 2, 7],
			"to": [15, 19, 9],
			"faces": {
				"north": {"uv": [0, 0, 1, 16], "texture": "#0"},
				"east": {"uv": [0, 0, 2, 16], "texture": "#0"},
				"south": {"uv": [0, 0, 1, 16], "texture": "#0"},
				"west": {"uv": [0, 0, 2, 16], "texture": "#0"},
				"up": {"uv": [0, 0, 1, 2], "texture": "#0"},
				"down": {"uv": [0, 0, 1, 2], "texture": "#0"}
			}
		},
		{
			"from": [1, 2, 7],
			"to": [2, 19, 9],
			"rotation": {"angle": 0, "axis": "y", "origin": [16, 0, 0]},
			"faces": {
				"north": {"uv": [1, 0, 2, 16], "texture": "#0"},
				"east": {"uv": [2, 0, 4, 16], "texture": "#0"},
				"south": {"uv": [1, 0, 2, 16], "texture": "#0"},
				"west": {"uv": [2, 0, 4, 16], "texture": "#0"},
				"up": {"uv": [1, 0, 2, 2], "texture": "#0"},
				"down": {"uv": [1, 0, 2, 2], "texture": "#0"}
			}
		},
		{
			"from": [2, 2, 7],
			"to": [14, 3, 9],
			"rotation": {"angle": 0, "axis": "y", "origin": [16, 0, 0]},
			"faces": {
				"north": {"uv": [1, 0, 13, 1], "texture": "#0"},
				"east": {"uv": [2, 0, 4, 1], "texture": "#0"},
				"south": {"uv": [1, 0, 13, 1], "texture": "#0"},
				"west": {"uv": [2, 0, 4, 1], "texture": "#0"},
				"up": {"uv": [1, 0, 13, 2], "texture": "#0"},
				"down": {"uv": [1, 0, 13, 2], "texture": "#0"}
			}
		},
		{
			"from": [14, 0, 9],
			"to": [15, 3, 11],
			"faces": {
				"north": {"uv": [0, 0, 1, 3], "texture": "#0"},
				"east": {"uv": [0, 0, 2, 3], "texture": "#0"},
				"south": {"uv": [0, 0, 1, 3], "texture": "#0"},
				"west": {"uv": [0, 0, 2, 3], "texture": "#0"},
				"up": {"uv": [0, 0, 1, 2], "texture": "#0"},
				"down": {"uv": [0, 0, 1, 2], "texture": "#0"}
			}
		},
		{
			"from": [14, 0, 5],
			"to": [15, 3, 7],
			"rotation": {"angle": 0, "axis": "y", "origin": [0, 0, 16]},
			"faces": {
				"north": {"uv": [1, 0, 0, 3], "texture": "#0"},
				"east": {"uv": [2, 0, 0, 3], "texture": "#0"},
				"south": {"uv": [1, 0, 0, 3], "texture": "#0"},
				"west": {"uv": [2, 0, 0, 3], "texture": "#0"},
				"up": {"uv": [0, 2, 1, 0], "texture": "#0"},
				"down": {"uv": [0, 2, 1, 0], "texture": "#0"}
			}
		},
		{
			"from": [1, 0, 5],
			"to": [2, 3, 7],
			"rotation": {"angle": 0, "axis": "y", "origin": [16, 0, 16]},
			"faces": {
				"north": {"uv": [0, 0, 1, 3], "texture": "#0"},
				"east": {"uv": [0, 0, 2, 3], "texture": "#0"},
				"south": {"uv": [0, 0, 1, 3], "texture": "#0"},
				"west": {"uv": [0, 0, 2, 3], "texture": "#0"},
				"up": {"uv": [1, 2, 0, 0], "texture": "#0"},
				"down": {"uv": [1, 2, 0, 0], "texture": "#0"}
			}
		},
		{
			"from": [1, 0, 9],
			"to": [2, 3, 11],
			"rotation": {"angle": 0, "axis": "y", "origin": [16, 0, 0]},
			"faces": {
				"north": {"uv": [1, 0, 0, 3], "texture": "#0"},
				"east": {"uv": [2, 0, 0, 3], "texture": "#0"},
				"south": {"uv": [1, 0, 0, 3], "texture": "#0"},
				"west": {"uv": [2, 0, 0, 3], "texture": "#0"},
				"up": {"uv": [1, 0, 0, 2], "texture": "#0"},
				"down": {"uv": [1, 0, 0, 2], "texture": "#0"}
			}
		}
	],
	"display": {
		"thirdperson_righthand": {
			"rotation": [75, 45, 0],
			"translation": [0, 2, 0],
			"scale": [0.375, 0.375, 0.375]
		},
		"thirdperson_lefthand": {
			"rotation": [75, 45, 0],
			"translation": [0, 2, 0],
			"scale": [0.375, 0.375, 0.375]
		},
		"firstperson_righthand": {
			"rotation": [0, 45, 0],
			"scale": [0.4, 0.4, 0.4]
		},
		"firstperson_lefthand": {
			"rotation": [0, 45, 0],
			"scale": [0.4, 0.4, 0.4]
		},
		"ground": {
			"translation": [0, 3.5, 0]
		},
		"gui": {
			"rotation": [30, 225, 0],
			"translation": [0, 1.25, 0]
		},
		"fixed": {
			"rotation": [-90, 0, 0],
			"translation": [0, 0, -14],
			"scale": [2, 2, 2]
		}
	},
	"groups": [
		0,
		{
			"name": "group",
			"origin": [16, 0, 0],
			"color": 0,
			"children": [1, 2, 3, 4, 5, 6, 7]
		}
	]
}