{
	"credit": "Made with Blockbench",
	"texture_size": [32, 32],
	"textures": {
		"2": "cit/mirror_1"
	},
	"elements": [
		{
			"from": [3, 0, 2.70711],
			"to": [14, 1, 13.70711],
			"rotation": {"angle": 45, "axis": "y", "origin": [8, 0.5, 8.70711]},
			"faces": {
				"north": {"uv": [5.5, 0, 11, 0.5], "texture": "#2"},
				"east": {"uv": [5.5, 0.5, 11, 1], "texture": "#2"},
				"south": {"uv": [5.5, 1, 11, 1.5], "texture": "#2"},
				"west": {"uv": [5.5, 1.5, 11, 2], "texture": "#2"},
				"up": {"uv": [5.5, 5.5, 0, 0], "texture": "#2"},
				"down": {"uv": [5.5, 5.5, 0, 11], "texture": "#2"}
			}
		},
		{
			"from": [2, 0.5, 1.70711],
			"to": [15, 0.5, 14.70711],
			"rotation": {"angle": 45, "axis": "y", "origin": [8, 0.5, 8.70711]},
			"faces": {
				"north": {"uv": [5.5, 0, 11, 0.5], "texture": "#2"},
				"east": {"uv": [5.5, 0.5, 11, 1], "texture": "#2"},
				"south": {"uv": [5.5, 1, 11, 1.5], "texture": "#2"},
				"west": {"uv": [5.5, 1.5, 11, 2], "texture": "#2"},
				"up": {"uv": [11, 7.5, 5.5, 2], "texture": "#2"},
				"down": {"uv": [11, 2, 5.5, 7.5], "texture": "#2"}
			}
		}
	],
	"display": {
		"thirdperson_righthand": {
			"rotation": [75, 45, 0],
			"translation": [0, 1.5, 1.75],
			"scale": [0.375, 0.375, 0.375]
		},
		"thirdperson_lefthand": {
			"rotation": [75, 45, 0],
			"translation": [0, 1.5, 1.75],
			"scale": [0.375, 0.375, 0.375]
		},
		"firstperson_righthand": {
			"translation": [0, 7, 0]
		},
		"firstperson_lefthand": {
			"translation": [0, 7, 0]
		},
		"ground": {
			"translation": [0, 4.25, 0]
		},
		"gui": {
			"rotation": [30, 225, 0],
			"translation": [0, 1.25, 0]
		},
		"fixed": {
			"rotation": [-90, 0, 0],
			"translation": [0, 0, -14],
			"scale": [2, 2, 2]
		}
	}
}