{
	"credit": "Made with Blockbench",
	"texture_size": [32, 32],
	"textures": {
		"0": "block/dirt",
		"2": "cit/pot_7",
		"3": "cit/monstera",
		"particle": "block/dirt"
	},
	"elements": [
		{
			"from": [5, 1, 5],
			"to": [11, 8, 11],
			"faces": {
				"north": {"uv": [0, 0, 6, 7], "texture": "#0"},
				"east": {"uv": [0, 0, 6, 7], "texture": "#0"},
				"south": {"uv": [0, 0, 6, 7], "texture": "#0"},
				"west": {"uv": [0, 0, 6, 7], "texture": "#0"},
				"up": {"uv": [0, 0, 6, 6], "texture": "#0"},
				"down": {"uv": [0, 0, 6, 6], "texture": "#0"}
			}
		},
		{
			"from": [4, 0, 4],
			"to": [12, 1, 12],
			"faces": {
				"north": {"uv": [11, 4, 15, 4.5], "texture": "#2"},
				"east": {"uv": [11, 4.5, 15, 5], "texture": "#2"},
				"south": {"uv": [11, 5, 15, 5.5], "texture": "#2"},
				"west": {"uv": [11, 5.5, 15, 6], "texture": "#2"},
				"up": {"uv": [4, 4, 0, 0], "texture": "#2"},
				"down": {"uv": [4, 4, 0, 8], "texture": "#2"}
			}
		},
		{
			"from": [4, 1, 4],
			"to": [12, 9, 5],
			"faces": {
				"north": {"uv": [4, 0, 8, 4], "texture": "#2"},
				"east": {"uv": [0, 12, 0.5, 16], "texture": "#2"},
				"south": {"uv": [4, 4, 8, 8], "texture": "#2"},
				"west": {"uv": [12, 0, 12.5, 4], "texture": "#2"},
				"up": {"uv": [15, 6.5, 11, 6], "texture": "#2"},
				"down": {"uv": [15, 6.5, 11, 7], "texture": "#2"}
			}
		},
		{
			"from": [4, 1, 11],
			"to": [12, 9, 12],
			"faces": {
				"north": {"uv": [0, 8, 4, 12], "texture": "#2"},
				"east": {"uv": [0.5, 12, 1, 16], "texture": "#2"},
				"south": {"uv": [8, 0, 12, 4], "texture": "#2"},
				"west": {"uv": [1, 12, 1.5, 16], "texture": "#2"},
				"up": {"uv": [15, 7.5, 11, 7], "texture": "#2"},
				"down": {"uv": [15, 7.5, 11, 8], "texture": "#2"}
			}
		},
		{
			"from": [11, 1, 5],
			"to": [12, 9, 11],
			"faces": {
				"north": {"uv": [1.5, 12, 2, 16], "texture": "#2"},
				"east": {"uv": [4, 8, 7, 12], "texture": "#2"},
				"south": {"uv": [2, 12, 2.5, 16], "texture": "#2"},
				"west": {"uv": [8, 4, 11, 8], "texture": "#2"},
				"up": {"uv": [4, 15, 3.5, 12], "texture": "#2"},
				"down": {"uv": [4.5, 12, 4, 15], "texture": "#2"}
			}
		},
		{
			"from": [4, 1, 5],
			"to": [5, 9, 11],
			"faces": {
				"north": {"uv": [2.5, 12, 3, 16], "texture": "#2"},
				"east": {"uv": [7, 8, 10, 12], "texture": "#2"},
				"south": {"uv": [3, 12, 3.5, 16], "texture": "#2"},
				"west": {"uv": [10, 8, 13, 12], "texture": "#2"},
				"up": {"uv": [5, 15, 4.5, 12], "texture": "#2"},
				"down": {"uv": [5.5, 12, 5, 15], "texture": "#2"}
			}
		},
		{
			"from": [-10, 22, -5],
			"to": [6, 22, 11],
			"rotation": {"angle": 45, "axis": "z", "origin": [3, 22, 8]},
			"faces": {
				"north": {"uv": [0, 0, 8, 0], "texture": "#3"},
				"east": {"uv": [0, 0, 8, 0], "texture": "#3"},
				"south": {"uv": [0, 0, 8, 0], "texture": "#3"},
				"west": {"uv": [0, 0, 8, 0], "texture": "#3"},
				"up": {"uv": [8, 8, 0, 0], "rotation": 180, "texture": "#3"},
				"down": {"uv": [8, 0, 0, 8], "rotation": 180, "texture": "#3"}
			}
		},
		{
			"from": [3, 23, 9],
			"to": [19, 23, 25],
			"rotation": {"angle": 22.5, "axis": "x", "origin": [8, 25, 14]},
			"faces": {
				"north": {"uv": [0, 0, 8, 0], "texture": "#3"},
				"east": {"uv": [0, 0, 8, 0], "texture": "#3"},
				"south": {"uv": [0, 0, 8, 0], "texture": "#3"},
				"west": {"uv": [0, 0, 8, 0], "texture": "#3"},
				"up": {"uv": [8, 8, 0, 0], "texture": "#3"},
				"down": {"uv": [8, 0, 0, 8], "texture": "#3"}
			}
		},
		{
			"from": [11, 27, 5],
			"to": [27, 27, 21],
			"rotation": {"angle": -45, "axis": "z", "origin": [14, 27, 8]},
			"faces": {
				"north": {"uv": [0, 0, 8, 0], "texture": "#3"},
				"east": {"uv": [0, 0, 8, 0], "texture": "#3"},
				"south": {"uv": [0, 0, 8, 0], "texture": "#3"},
				"west": {"uv": [0, 0, 8, 0], "texture": "#3"},
				"up": {"uv": [8, 8, 0, 0], "texture": "#3"},
				"down": {"uv": [8, 0, 0, 8], "texture": "#3"}
			}
		},
		{
			"from": [-5, 25, -11],
			"to": [11, 25, 5],
			"rotation": {"angle": -45, "axis": "y", "origin": [8, 25, 2]},
			"faces": {
				"north": {"uv": [0, 0, 8, 0], "texture": "#3"},
				"east": {"uv": [0, 0, 8, 0], "texture": "#3"},
				"south": {"uv": [0, 0, 8, 0], "texture": "#3"},
				"west": {"uv": [0, 0, 8, 0], "texture": "#3"},
				"up": {"uv": [8, 8, 0, 0], "rotation": 180, "texture": "#3"},
				"down": {"uv": [8, 0, 0, 8], "rotation": 180, "texture": "#3"}
			}
		},
		{
			"from": [11, 27, 5],
			"to": [27, 27, 21],
			"rotation": {"angle": -45, "axis": "z", "origin": [14, 27, 8]},
			"faces": {
				"north": {"uv": [0, 0, 8, 0], "texture": "#3"},
				"east": {"uv": [0, 0, 8, 0], "texture": "#3"},
				"south": {"uv": [0, 0, 8, 0], "texture": "#3"},
				"west": {"uv": [0, 0, 8, 0], "texture": "#3"},
				"up": {"uv": [8, 8, 0, 0], "texture": "#3"},
				"down": {"uv": [8, 0, 0, 8], "texture": "#3"}
			}
		},
		{
			"from": [-8, 18, 8],
			"to": [8, 18, 24],
			"rotation": {"angle": 45, "axis": "z", "origin": [5, 18, 11]},
			"faces": {
				"north": {"uv": [0, 0, 8, 0], "texture": "#3"},
				"east": {"uv": [0, 0, 8, 0], "texture": "#3"},
				"south": {"uv": [0, 0, 8, 0], "texture": "#3"},
				"west": {"uv": [0, 0, 8, 0], "texture": "#3"},
				"up": {"uv": [8, 8, 0, 0], "rotation": 90, "texture": "#3"},
				"down": {"uv": [8, 0, 0, 8], "rotation": 270, "texture": "#3"}
			}
		},
		{
			"from": [8.61732, 18, -7.92388],
			"to": [24.61732, 18, 8.07612],
			"rotation": {"angle": -22.5, "axis": "z", "origin": [12, 18, 5]},
			"faces": {
				"north": {"uv": [8, 0, 0, 0], "texture": "#3"},
				"east": {"uv": [8, 0, 0, 0], "texture": "#3"},
				"south": {"uv": [8, 0, 0, 0], "texture": "#3"},
				"west": {"uv": [8, 0, 0, 0], "texture": "#3"},
				"up": {"uv": [0, 0, 8, 8], "rotation": 90, "texture": "#3"},
				"down": {"uv": [0, 8, 8, 0], "rotation": 270, "texture": "#3"}
			}
		},
		{
			"from": [8, 15, 8],
			"to": [24, 15, 24],
			"rotation": {"angle": -45, "axis": "z", "origin": [11, 15, 11]},
			"faces": {
				"north": {"uv": [0, 0, 8, 0], "texture": "#3"},
				"east": {"uv": [0, 0, 8, 0], "texture": "#3"},
				"south": {"uv": [0, 0, 8, 0], "texture": "#3"},
				"west": {"uv": [0, 0, 8, 0], "texture": "#3"},
				"up": {"uv": [8, 8, 0, 0], "texture": "#3"},
				"down": {"uv": [8, 0, 0, 8], "texture": "#3"}
			}
		},
		{
			"from": [-8, 15, -8],
			"to": [8, 15, 8],
			"rotation": {"angle": 45, "axis": "z", "origin": [5, 15, 5]},
			"faces": {
				"north": {"uv": [0, 0, 8, 0], "texture": "#3"},
				"east": {"uv": [0, 0, 8, 0], "texture": "#3"},
				"south": {"uv": [0, 0, 8, 0], "texture": "#3"},
				"west": {"uv": [0, 0, 8, 0], "texture": "#3"},
				"up": {"uv": [0, 0, 8, 8], "texture": "#3"},
				"down": {"uv": [0, 8, 8, 0], "texture": "#3"}
			}
		},
		{
			"from": [-8, 15, -8],
			"to": [8, 15, 8],
			"rotation": {"angle": 45, "axis": "z", "origin": [5, 15, 5]},
			"faces": {
				"north": {"uv": [0, 0, 8, 0], "texture": "#3"},
				"east": {"uv": [0, 0, 8, 0], "texture": "#3"},
				"south": {"uv": [0, 0, 8, 0], "texture": "#3"},
				"west": {"uv": [0, 0, 8, 0], "texture": "#3"},
				"up": {"uv": [0, 0, 8, 8], "texture": "#3"},
				"down": {"uv": [0, 8, 8, 0], "texture": "#3"}
			}
		},
		{
			"from": [7, 8, 7],
			"to": [9, 24, 9],
			"faces": {
				"north": {"uv": [8, 0, 9, 8], "texture": "#3"},
				"east": {"uv": [8, 8, 9, 16], "texture": "#3"},
				"south": {"uv": [9, 0, 10, 8], "texture": "#3"},
				"west": {"uv": [9, 8, 10, 16], "texture": "#3"},
				"up": {"uv": [11, 1, 10, 0], "texture": "#3"},
				"down": {"uv": [11, 1, 10, 2], "texture": "#3"}
			}
		},
		{
			"from": [3, 22, 7],
			"to": [7, 22, 9],
			"rotation": {"angle": 0, "axis": "y", "origin": [8, 16, 8]},
			"faces": {
				"north": {"uv": [0, 0, 5, 0], "texture": "#3"},
				"east": {"uv": [0, 0, 1, 0], "texture": "#3"},
				"south": {"uv": [0, 0, 5, 0], "texture": "#3"},
				"west": {"uv": [0, 0, 1, 0], "texture": "#3"},
				"up": {"uv": [0, 8, 1, 10], "rotation": 90, "texture": "#3"},
				"down": {"uv": [0, 8, 1, 10], "rotation": 90, "texture": "#3"}
			}
		},
		{
			"from": [7, 20, 9],
			"to": [9, 20, 13],
			"rotation": {"angle": -45, "axis": "x", "origin": [8, 20, 9]},
			"faces": {
				"north": {"uv": [1, 0, 0, 0], "texture": "#3"},
				"east": {"uv": [5, 0, 0, 0], "texture": "#3"},
				"south": {"uv": [1, 0, 0, 0], "texture": "#3"},
				"west": {"uv": [5, 0, 0, 0], "texture": "#3"},
				"up": {"uv": [0, 10, 1, 8], "rotation": 180, "texture": "#3"},
				"down": {"uv": [0, 10, 1, 8], "texture": "#3"}
			}
		},
		{
			"from": [4, 18, 7],
			"to": [8, 18, 9],
			"rotation": {"angle": 45, "axis": "y", "origin": [8, 20, 9]},
			"faces": {
				"north": {"uv": [5, 0, 0, 0], "texture": "#3"},
				"east": {"uv": [1, 0, 0, 0], "texture": "#3"},
				"south": {"uv": [5, 0, 0, 0], "texture": "#3"},
				"west": {"uv": [1, 0, 0, 0], "texture": "#3"},
				"up": {"uv": [0, 10, 1, 8], "rotation": 270, "texture": "#3"},
				"down": {"uv": [0, 10, 1, 8], "rotation": 270, "texture": "#3"}
			}
		},
		{
			"from": [8, 18, 7],
			"to": [12, 18, 9],
			"rotation": {"angle": 45, "axis": "y", "origin": [8, 20, 7]},
			"faces": {
				"north": {"uv": [5, 0, 0, 0], "texture": "#3"},
				"east": {"uv": [1, 0, 0, 0], "texture": "#3"},
				"south": {"uv": [5, 0, 0, 0], "texture": "#3"},
				"west": {"uv": [1, 0, 0, 0], "texture": "#3"},
				"up": {"uv": [1, 8, 0, 10], "rotation": 270, "texture": "#3"},
				"down": {"uv": [1, 8, 0, 10], "rotation": 270, "texture": "#3"}
			}
		},
		{
			"from": [7, 15, 9],
			"to": [9, 15, 13],
			"rotation": {"angle": 45, "axis": "y", "origin": [7, 18, 8]},
			"faces": {
				"north": {"uv": [1, 0, 0, 0], "texture": "#3"},
				"east": {"uv": [5, 0, 0, 0], "texture": "#3"},
				"south": {"uv": [1, 0, 0, 0], "texture": "#3"},
				"west": {"uv": [5, 0, 0, 0], "texture": "#3"},
				"up": {"uv": [0, 10, 1, 8], "rotation": 180, "texture": "#3"},
				"down": {"uv": [0, 10, 1, 8], "texture": "#3"}
			}
		},
		{
			"from": [7, 15, 3],
			"to": [9, 15, 7],
			"rotation": {"angle": 45, "axis": "y", "origin": [9, 18, 8]},
			"faces": {
				"north": {"uv": [1, 0, 0, 0], "texture": "#3"},
				"east": {"uv": [5, 0, 0, 0], "texture": "#3"},
				"south": {"uv": [1, 0, 0, 0], "texture": "#3"},
				"west": {"uv": [5, 0, 0, 0], "texture": "#3"},
				"up": {"uv": [1, 8, 0, 10], "rotation": 180, "texture": "#3"},
				"down": {"uv": [1, 8, 0, 10], "texture": "#3"}
			}
		},
		{
			"from": [9, 22, 7],
			"to": [16, 22, 9],
			"rotation": {"angle": 45, "axis": "z", "origin": [9, 22, 8]},
			"faces": {
				"north": {"uv": [0, 0, 5, 0], "texture": "#3"},
				"east": {"uv": [0, 0, 1, 0], "texture": "#3"},
				"south": {"uv": [0, 0, 5, 0], "texture": "#3"},
				"west": {"uv": [0, 0, 1, 0], "texture": "#3"},
				"up": {"uv": [0, 8, 1, 11.5], "rotation": 270, "texture": "#3"},
				"down": {"uv": [0, 8, 1, 11.5], "rotation": 270, "texture": "#3"}
			}
		},
		{
			"from": [7, 20, 0],
			"to": [9, 20, 7],
			"rotation": {"angle": 45, "axis": "x", "origin": [8, 20, 7]},
			"faces": {
				"north": {"uv": [0, 0, 1, 0], "texture": "#3"},
				"east": {"uv": [0, 0, 5, 0], "texture": "#3"},
				"south": {"uv": [0, 0, 1, 0], "texture": "#3"},
				"west": {"uv": [0, 0, 5, 0], "texture": "#3"},
				"up": {"uv": [0, 8, 1, 11.5], "rotation": 180, "texture": "#3"},
				"down": {"uv": [0, 8, 1, 11.5], "texture": "#3"}
			}
		}
	],
	"display": {
		"thirdperson_righthand": {
			"rotation": [75, 45, 0],
			"translation": [0, 1.5, 0],
			"scale": [0.375, 0.375, 0.375]
		},
		"thirdperson_lefthand": {
			"rotation": [75, 45, 0],
			"translation": [0, 1.5, 0],
			"scale": [0.375, 0.375, 0.375]
		},
		"firstperson_righthand": {
			"rotation": [0, 45, 0],
			"scale": [0.4, 0.4, 0.4]
		},
		"firstperson_lefthand": {
			"rotation": [0, 45, 0],
			"scale": [0.4, 0.4, 0.4]
		},
		"ground": {
			"translation": [0, 2.5, 0]
		},
		"gui": {
			"rotation": [30, 225, 0],
			"translation": [0, 1.25, 0]
		},
		"fixed": {
			"rotation": [-90, 0, 0],
			"translation": [0, 0, -14],
			"scale": [2, 2, 2]
		}
	},
	"groups": [
		0,
		{
			"name": "group",
			"origin": [0, 0, 0],
			"color": 0,
			"children": [1, 2, 3, 4, 5]
		},
		{
			"name": "group",
			"origin": [8, 8, 8],
			"color": 0,
			"children": [6, 7, 8, 9, 10, 11, 12, 13, 14, 15, 16]
		},
		17,
		18,
		19,
		20,
		21,
		22,
		23,
		24
	]
}