{
	"credit": "Made with Blockbench",
	"texture_size": [32, 32],
	"textures": {
		"0": "block/moss_block",
		"2": "cit/moss_ball_branch",
		"4": "cit/pot_1",
		"particle": "block/moss_block"
	},
	"elements": [
		{
			"from": [5, 1, 5],
			"to": [11, 7, 11],
			"faces": {
				"north": {"uv": [0, 0, 6, 6], "texture": "#0"},
				"east": {"uv": [0, 0, 6, 6], "texture": "#0"},
				"south": {"uv": [0, 0, 6, 6], "texture": "#0"},
				"west": {"uv": [0, 0, 6, 6], "texture": "#0"},
				"up": {"uv": [0, 0, 6, 6], "texture": "#0"},
				"down": {"uv": [0, 0, 6, 6], "texture": "#0"}
			}
		},
		{
			"from": [-3, 6, 8],
			"to": [5, 14, 8],
			"faces": {
				"north": {"uv": [0, 0, 8, 8], "texture": "#2"},
				"east": {"uv": [0, 0, 0, 8], "texture": "#2"},
				"south": {"uv": [8, 0, 0, 8], "texture": "#2"},
				"west": {"uv": [0, 0, 0, 8], "texture": "#2"},
				"up": {"uv": [8, 0, 0, 0], "texture": "#2"},
				"down": {"uv": [8, 0, 0, 0], "texture": "#2"}
			}
		},
		{
			"from": [8, 4, 12],
			"to": [8, 12, 20],
			"rotation": {"angle": -45, "axis": "y", "origin": [8, 0, 8]},
			"faces": {
				"north": {"uv": [0, 0, 0, 8], "texture": "#2"},
				"east": {"uv": [16, 0, 8, 8], "texture": "#2"},
				"south": {"uv": [0, 0, 0, 8], "texture": "#2"},
				"west": {"uv": [8, 0, 16, 8], "texture": "#2"},
				"up": {"uv": [8, 0, 0, 0], "rotation": 270, "texture": "#2"},
				"down": {"uv": [8, 0, 0, 0], "rotation": 90, "texture": "#2"}
			}
		},
		{
			"from": [-3, 10, 5],
			"to": [0, 10, 8],
			"rotation": {"angle": 0, "axis": "x", "origin": [1, 7, 8]},
			"faces": {
				"north": {"uv": [8, 0, 0, 0], "rotation": 180, "texture": "#2"},
				"east": {"uv": [0, 0, 0, 8], "rotation": 270, "texture": "#2"},
				"south": {"uv": [8, 0, 0, 0], "texture": "#2"},
				"west": {"uv": [0, 0, 0, 8], "rotation": 90, "texture": "#2"},
				"up": {"uv": [0, 8, 3, 11], "rotation": 180, "texture": "#2"},
				"down": {"uv": [3, 8, 0, 11], "texture": "#2"}
			}
		},
		{
			"from": [1, 13, 8],
			"to": [4, 13, 11],
			"rotation": {"angle": 0, "axis": "x", "origin": [15, 7, 8]},
			"faces": {
				"north": {"uv": [8, 0, 0, 0], "texture": "#2"},
				"east": {"uv": [0, 0, 0, 8], "rotation": 90, "texture": "#2"},
				"south": {"uv": [8, 0, 0, 0], "rotation": 180, "texture": "#2"},
				"west": {"uv": [0, 0, 0, 8], "rotation": 270, "texture": "#2"},
				"up": {"uv": [3, 11, 0, 8], "rotation": 180, "texture": "#2"},
				"down": {"uv": [0, 11, 3, 8], "texture": "#2"}
			}
		},
		{
			"from": [3, 9, 13],
			"to": [6, 9, 16],
			"rotation": {"angle": 0, "axis": "x", "origin": [15, 7, 8]},
			"faces": {
				"north": {"uv": [8, 0, 0, 0], "texture": "#2"},
				"east": {"uv": [0, 0, 0, 8], "rotation": 90, "texture": "#2"},
				"south": {"uv": [8, 0, 0, 0], "rotation": 180, "texture": "#2"},
				"west": {"uv": [0, 0, 0, 8], "rotation": 270, "texture": "#2"},
				"up": {"uv": [3, 11, 0, 8], "rotation": 180, "texture": "#2"},
				"down": {"uv": [0, 11, 3, 8], "texture": "#2"}
			}
		},
		{
			"from": [0, 8, 10],
			"to": [3, 8, 13],
			"rotation": {"angle": 0, "axis": "x", "origin": [1, 7, 8]},
			"faces": {
				"north": {"uv": [8, 0, 0, 0], "rotation": 180, "texture": "#2"},
				"east": {"uv": [0, 0, 0, 8], "rotation": 270, "texture": "#2"},
				"south": {"uv": [8, 0, 0, 0], "texture": "#2"},
				"west": {"uv": [0, 0, 0, 8], "rotation": 90, "texture": "#2"},
				"up": {"uv": [0, 8, 3, 11], "rotation": 180, "texture": "#2"},
				"down": {"uv": [3, 8, 0, 11], "texture": "#2"}
			}
		},
		{
			"from": [-4, 14, 8],
			"to": [-1, 14, 11],
			"rotation": {"angle": 0, "axis": "x", "origin": [1, 7, 8]},
			"faces": {
				"north": {"uv": [0, 0, 8, 0], "texture": "#2"},
				"east": {"uv": [0, 8, 0, 0], "rotation": 270, "texture": "#2"},
				"south": {"uv": [0, 0, 8, 0], "rotation": 180, "texture": "#2"},
				"west": {"uv": [0, 8, 0, 0], "rotation": 90, "texture": "#2"},
				"up": {"uv": [0, 11, 3, 8], "rotation": 180, "texture": "#2"},
				"down": {"uv": [3, 11, 0, 8], "texture": "#2"}
			}
		},
		{
			"from": [1, 0, 3],
			"to": [15, 1, 13],
			"faces": {
				"north": {"uv": [7, 0, 14, 0.5], "texture": "#4"},
				"east": {"uv": [7, 1, 12, 1.5], "texture": "#4"},
				"south": {"uv": [7, 0.5, 14, 1], "texture": "#4"},
				"west": {"uv": [7, 1.5, 12, 2], "texture": "#4"},
				"up": {"uv": [7, 5, 0, 0], "texture": "#4"},
				"down": {"uv": [7, 5, 0, 10], "texture": "#4"}
			}
		}
	],
	"display": {
		"thirdperson_righthand": {
			"rotation": [72.83, -5.73, 5.85],
			"translation": [0, 5, 5.75]
		},
		"thirdperson_lefthand": {
			"rotation": [72.83, -5.73, 5.85],
			"translation": [0, 5, 5.75]
		},
		"firstperson_righthand": {
			"rotation": [0, 45, 0],
			"translation": [0, 2.5, 0]
		},
		"firstperson_lefthand": {
			"rotation": [0, 45, 0],
			"translation": [0, 2.5, 0]
		},
		"ground": {
			"translation": [0, 6.75, 0]
		},
		"gui": {
			"rotation": [30, 225, 0],
			"translation": [0, 1.25, 0]
		},
		"fixed": {
			"rotation": [-90, 0, 0],
			"translation": [0, 0, -14],
			"scale": [2, 2, 2]
		}
	},
	"groups": [
		{
			"name": "group",
			"origin": [0, 0, 0],
			"color": 0,
			"children": [0]
		},
		{
			"name": "group",
			"origin": [1, 7, 8],
			"color": 0,
			"children": [1, 2, 3, 4, 5, 6, 7]
		},
		8
	]
}