{
	"credit": "Made with Blockbench",
	"textures": {
		"0": "cit/pillow",
		"2": "cit/pillow_small",
		"particle": "cit/pillow"
	},
	"elements": [
		{
			"from": [2, 9, 8],
			"to": [14, 17, 14],
			"rotation": {"angle": 22.5, "axis": "x", "origin": [2, 9, 14]},
			"faces": {
				"north": {"uv": [0, 0, 6, 4], "texture": "#0"},
				"east": {"uv": [6, 6, 9, 10], "texture": "#0"},
				"south": {"uv": [0, 0, 6, 4], "texture": "#0"},
				"west": {"uv": [0, 8, 3, 12], "texture": "#0"},
				"up": {"uv": [12, 3, 6, 0], "texture": "#0"},
				"down": {"uv": [12, 3, 6, 6], "texture": "#0"}
			}
		},
		{
			"from": [4, 9, 5],
			"to": [12, 13, 10],
			"rotation": {"angle": -22.5, "axis": "x", "origin": [4, 9, 5]},
			"faces": {
				"north": {"uv": [8, 0, 16, 4], "texture": "#2"},
				"east": {"uv": [8, 8, 13, 12], "texture": "#2"},
				"south": {"uv": [8, 4, 16, 8], "texture": "#2"},
				"west": {"uv": [0, 10, 5, 14], "texture": "#2"},
				"up": {"uv": [8, 5, 0, 0], "texture": "#2"},
				"down": {"uv": [8, 5, 0, 10], "texture": "#2"}
			}
		}
	],
	"display": {
		"thirdperson_righthand": {
			"rotation": [0, -90, -55],
			"translation": [0, 0.25, -2.5],
			"scale": [0.85, 0.85, 0.85]
		},
		"thirdperson_lefthand": {
			"rotation": [0, -90, -55],
			"translation": [0, 0.25, -2.5],
			"scale": [0.85, 0.85, 0.85]
		},
		"firstperson_righthand": {
			"rotation": [0, 45, 0],
			"scale": [0.4, 0.4, 0.4]
		},
		"firstperson_lefthand": {
			"rotation": [0, 45, 0],
			"scale": [0.4, 0.4, 0.4]
		},
		"ground": {
			"translation": [0, -2, 0]
		},
		"gui": {
			"rotation": [30, 225, 0],
			"translation": [2.25, -7.75, 0]
		},
		"fixed": {
			"rotation": [0, -90, 0],
			"translation": [0, 0, 18],
			"scale": [2, 2, 2]
		}
	}
}