{
	"credit": "Made with Blockbench",
	"texture_size": [32, 32],
	"textures": {
		"0": "cit/rod",
		"particle": "cit/rod"
	},
	"elements": [
		{
			"from": [0, 30, 7],
			"to": [16, 32, 9],
			"rotation": {"angle": 0, "axis": "y", "origin": [4, 0, 0]},
			"faces": {
				"north": {"uv": [0, 0, 16, 2], "texture": "#0"},
				"east": {"uv": [0, 8, 2, 10], "texture": "#0"},
				"south": {"uv": [0, 2, 16, 4], "texture": "#0"},
				"west": {"uv": [2, 8, 4, 10], "texture": "#0"},
				"up": {"uv": [16, 6, 0, 4], "texture": "#0"},
				"down": {"uv": [16, 6, 0, 8], "texture": "#0"}
			}
		}
	],
	"display": {
		"thirdperson_righthand": {
			"rotation": [0, -90, -55],
			"translation": [0, -11.5, -16.75],
			"scale": [0.85, 0.85, 0.85]
		},
		"thirdperson_lefthand": {
			"rotation": [0, -90, -55],
			"translation": [0, -11.5, -16.75],
			"scale": [0.85, 0.85, 0.85]
		},
		"gui": {
			"rotation": [30, 225, 0],
			"translation": [0, -7.75, 0]
		},
		"fixed": {
			"translation": [0, -64, 0],
			"scale": [2, 2, 2]
		}
	},
	"groups": [
		0,
		{
			"name": "group",
			"origin": [0, 0, 0],
			"color": 0,
			"children": []
		}
	]
}