{
	"credit": "Made with Blockbench",
	"texture_size": [32, 32],
	"textures": {
		"0": "cit/pot_0",
		"1": "block/dirt",
		"3": "cit/succulent_0",
		"4": "cit/succulent_1",
		"5": "cit/succulent_2",
		"particle": "cit/pot_0"
	},
	"elements": [
		{
			"from": [3, 0, 3],
			"to": [7, 4, 4],
			"rotation": {"angle": 0, "axis": "y", "origin": [-1, 0, -1]},
			"faces": {
				"north": {"uv": [0, 0, 4, 4], "texture": "#0"},
				"east": {"uv": [8, 4, 9, 8], "texture": "#0"},
				"south": {"uv": [0, 4, 4, 8], "texture": "#0"},
				"west": {"uv": [6, 8, 7, 12], "texture": "#0"},
				"up": {"uv": [11, 9, 7, 8], "texture": "#0"},
				"down": {"uv": [13, 4, 9, 5], "texture": "#0"}
			}
		},
		{
			"from": [3, 0, 6],
			"to": [7, 4, 7],
			"rotation": {"angle": 0, "axis": "y", "origin": [-1, 0, -1]},
			"faces": {
				"north": {"uv": [4, 0, 8, 4], "texture": "#0"},
				"east": {"uv": [7, 9, 8, 13], "texture": "#0"},
				"south": {"uv": [4, 4, 8, 8], "texture": "#0"},
				"west": {"uv": [8, 9, 9, 13], "texture": "#0"},
				"up": {"uv": [13, 6, 9, 5], "texture": "#0"},
				"down": {"uv": [13, 6, 9, 7], "texture": "#0"}
			}
		},
		{
			"from": [6, 0, 4],
			"to": [7, 4, 6],
			"rotation": {"angle": 0, "axis": "y", "origin": [-1, 0, -1]},
			"faces": {
				"north": {"uv": [9, 9, 10, 13], "texture": "#0"},
				"east": {"uv": [0, 8, 2, 12], "texture": "#0"},
				"south": {"uv": [10, 0, 11, 4], "texture": "#0"},
				"west": {"uv": [8, 0, 10, 4], "texture": "#0"},
				"up": {"uv": [7, 14, 6, 12], "texture": "#0"},
				"down": {"uv": [14, 4, 13, 6], "texture": "#0"}
			}
		},
		{
			"from": [3, 0, 4],
			"to": [4, 4, 6],
			"rotation": {"angle": 0, "axis": "y", "origin": [-1, 0, -1]},
			"faces": {
				"north": {"uv": [10, 9, 11, 13], "texture": "#0"},
				"east": {"uv": [2, 8, 4, 12], "texture": "#0"},
				"south": {"uv": [11, 0, 12, 4], "texture": "#0"},
				"west": {"uv": [4, 8, 6, 12], "texture": "#0"},
				"up": {"uv": [14, 8, 13, 6], "texture": "#0"},
				"down": {"uv": [8, 13, 7, 15], "texture": "#0"}
			}
		},
		{
			"from": [4, 0, 4],
			"to": [6, 1, 6],
			"rotation": {"angle": 0, "axis": "y", "origin": [-1, 0, -1]},
			"faces": {
				"north": {"uv": [9, 7, 11, 8], "texture": "#0"},
				"east": {"uv": [8, 13, 10, 14], "texture": "#0"},
				"south": {"uv": [13, 8, 15, 9], "texture": "#0"},
				"west": {"uv": [13, 9, 15, 10], "texture": "#0"},
				"up": {"uv": [13, 9, 11, 7], "texture": "#0"},
				"down": {"uv": [13, 9, 11, 11], "texture": "#0"}
			}
		},
		{
			"from": [4, 1, 4],
			"to": [6, 3, 6],
			"rotation": {"angle": 0, "axis": "y", "origin": [-1, 0, -1]},
			"faces": {
				"north": {"uv": [11, 11, 13, 13], "texture": "#1"},
				"east": {"uv": [0, 12, 2, 14], "texture": "#1"},
				"south": {"uv": [12, 0, 14, 2], "texture": "#1"},
				"west": {"uv": [2, 12, 4, 14], "texture": "#1"},
				"up": {"uv": [15, 4, 13, 2], "texture": "#1"},
				"down": {"uv": [6, 12, 4, 14], "texture": "#1"}
			}
		},
		{
			"from": [5, 3, 1],
			"to": [5, 11, 9],
			"rotation": {"angle": -45, "axis": "y", "origin": [5, 7, 5]},
			"faces": {
				"north": {"uv": [0, 0, 0, 8], "texture": "#3"},
				"east": {"uv": [0, 0, 8, 8], "texture": "#3"},
				"south": {"uv": [0, 0, 0, 8], "texture": "#3"},
				"west": {"uv": [8, 0, 0, 8], "texture": "#3"},
				"up": {"uv": [0, 8, 0, 0], "texture": "#3"},
				"down": {"uv": [0, 0, 0, 8], "texture": "#3"}
			}
		},
		{
			"from": [5, 3, 1],
			"to": [5, 11, 9],
			"rotation": {"angle": 45, "axis": "y", "origin": [5, 7, 5]},
			"faces": {
				"north": {"uv": [0, 0, 0, 8], "texture": "#3"},
				"east": {"uv": [0, 0, 8, 8], "texture": "#3"},
				"south": {"uv": [0, 0, 0, 8], "texture": "#3"},
				"west": {"uv": [8, 0, 0, 8], "texture": "#3"},
				"up": {"uv": [0, 8, 0, 0], "texture": "#3"},
				"down": {"uv": [0, 0, 0, 8], "texture": "#3"}
			}
		},
		{
			"from": [2, 11, 2],
			"to": [8, 11, 8],
			"rotation": {"angle": 0, "axis": "y", "origin": [-1, 0, -1]},
			"faces": {
				"north": {"uv": [0, 0, 4, 0], "texture": "#3"},
				"east": {"uv": [0, 0, 4, 0], "texture": "#3"},
				"south": {"uv": [0, 0, 4, 0], "texture": "#3"},
				"west": {"uv": [0, 0, 4, 0], "texture": "#3"},
				"up": {"uv": [11, 0, 16, 5], "texture": "#3"},
				"down": {"uv": [11, 5, 16, 0], "texture": "#3"}
			}
		},
		{
			"from": [5, 0, 11],
			"to": [9, 4, 12],
			"rotation": {"angle": -22.5, "axis": "y", "origin": [7, 3.75, 13]},
			"faces": {
				"north": {"uv": [0, 0, 4, 4], "texture": "#0"},
				"east": {"uv": [8, 4, 9, 8], "texture": "#0"},
				"south": {"uv": [0, 4, 4, 8], "texture": "#0"},
				"west": {"uv": [6, 8, 7, 12], "texture": "#0"},
				"up": {"uv": [11, 9, 7, 8], "texture": "#0"},
				"down": {"uv": [13, 4, 9, 5], "texture": "#0"}
			}
		},
		{
			"from": [5, 0, 14],
			"to": [9, 4, 15],
			"rotation": {"angle": -22.5, "axis": "y", "origin": [7, 3.75, 13]},
			"faces": {
				"north": {"uv": [4, 0, 8, 4], "texture": "#0"},
				"east": {"uv": [7, 9, 8, 13], "texture": "#0"},
				"south": {"uv": [4, 4, 8, 8], "texture": "#0"},
				"west": {"uv": [8, 9, 9, 13], "texture": "#0"},
				"up": {"uv": [13, 6, 9, 5], "texture": "#0"},
				"down": {"uv": [13, 6, 9, 7], "texture": "#0"}
			}
		},
		{
			"from": [8, 0, 12],
			"to": [9, 4, 14],
			"rotation": {"angle": -22.5, "axis": "y", "origin": [7, 3.75, 13]},
			"faces": {
				"north": {"uv": [9, 9, 10, 13], "texture": "#0"},
				"east": {"uv": [0, 8, 2, 12], "texture": "#0"},
				"south": {"uv": [10, 0, 11, 4], "texture": "#0"},
				"west": {"uv": [8, 0, 10, 4], "texture": "#0"},
				"up": {"uv": [7, 14, 6, 12], "texture": "#0"},
				"down": {"uv": [14, 4, 13, 6], "texture": "#0"}
			}
		},
		{
			"from": [5, 0, 12],
			"to": [6, 4, 14],
			"rotation": {"angle": -22.5, "axis": "y", "origin": [7, 3.75, 13]},
			"faces": {
				"north": {"uv": [10, 9, 11, 13], "texture": "#0"},
				"east": {"uv": [2, 8, 4, 12], "texture": "#0"},
				"south": {"uv": [11, 0, 12, 4], "texture": "#0"},
				"west": {"uv": [4, 8, 6, 12], "texture": "#0"},
				"up": {"uv": [14, 8, 13, 6], "texture": "#0"},
				"down": {"uv": [8, 13, 7, 15], "texture": "#0"}
			}
		},
		{
			"from": [6, 0, 12],
			"to": [8, 1, 14],
			"rotation": {"angle": -22.5, "axis": "y", "origin": [7, 3.75, 13]},
			"faces": {
				"north": {"uv": [9, 7, 11, 8], "texture": "#0"},
				"east": {"uv": [8, 13, 10, 14], "texture": "#0"},
				"south": {"uv": [13, 8, 15, 9], "texture": "#0"},
				"west": {"uv": [13, 9, 15, 10], "texture": "#0"},
				"up": {"uv": [13, 9, 11, 7], "texture": "#0"},
				"down": {"uv": [13, 9, 11, 11], "texture": "#0"}
			}
		},
		{
			"from": [6, 1, 12],
			"to": [8, 3, 14],
			"rotation": {"angle": -22.5, "axis": "y", "origin": [7, 3.75, 13]},
			"faces": {
				"north": {"uv": [11, 11, 13, 13], "texture": "#1"},
				"east": {"uv": [0, 12, 2, 14], "texture": "#1"},
				"south": {"uv": [12, 0, 14, 2], "texture": "#1"},
				"west": {"uv": [2, 12, 4, 14], "texture": "#1"},
				"up": {"uv": [15, 4, 13, 2], "texture": "#1"},
				"down": {"uv": [6, 12, 4, 14], "texture": "#1"}
			}
		},
		{
			"from": [3, 3, 13],
			"to": [11, 11, 13],
			"rotation": {"angle": 22.5, "axis": "y", "origin": [7, 3.75, 13]},
			"faces": {
				"north": {"uv": [0, 0, 4, 4], "texture": "#5"},
				"east": {"uv": [0, 0, 0, 4], "texture": "#5"},
				"south": {"uv": [0, 4, 4, 8], "texture": "#5"},
				"west": {"uv": [0, 0, 0, 4], "texture": "#5"},
				"up": {"uv": [4, 0, 0, 0], "texture": "#5"},
				"down": {"uv": [4, 0, 0, 0], "texture": "#5"}
			}
		},
		{
			"from": [7, 3, 9],
			"to": [7, 11, 17],
			"rotation": {"angle": 22.5, "axis": "y", "origin": [7, 3.75, 13]},
			"faces": {
				"north": {"uv": [0, 0, 0, 4], "texture": "#5"},
				"east": {"uv": [4, 0, 8, 4], "texture": "#5"},
				"south": {"uv": [0, 0, 0, 4], "texture": "#5"},
				"west": {"uv": [4, 4, 8, 8], "texture": "#5"},
				"up": {"uv": [0, 4, 0, 0], "texture": "#5"},
				"down": {"uv": [0, 0, 0, 4], "texture": "#5"}
			}
		},
		{
			"from": [-4.25, 1.75, 14],
			"to": [2.75, 8.75, 14],
			"rotation": {"angle": -45, "axis": "z", "origin": [7, 3.75, 13]},
			"faces": {
				"north": {"uv": [8, 0, 11.5, 3.5], "texture": "#5"},
				"east": {"uv": [0, 0, 0, 3.5], "texture": "#5"},
				"south": {"uv": [11.5, 0, 8, 3.5], "texture": "#5"},
				"west": {"uv": [0, 0, 0, 3.5], "texture": "#5"},
				"up": {"uv": [3.5, 0, 0, 0], "texture": "#5"},
				"down": {"uv": [3.5, 0, 0, 0], "texture": "#5"}
			}
		},
		{
			"from": [12.25, 5.75, 13],
			"to": [19.25, 12.75, 13],
			"rotation": {"angle": 45, "axis": "z", "origin": [9, 3.75, 13]},
			"faces": {
				"north": {"uv": [7, 8, 3.5, 11.5], "texture": "#5"},
				"east": {"uv": [0, 0, 0, 3.5], "texture": "#5"},
				"south": {"uv": [3.5, 8, 7, 11.5], "texture": "#5"},
				"west": {"uv": [0, 0, 0, 3.5], "texture": "#5"},
				"up": {"uv": [3.5, 0, 0, 0], "texture": "#5"},
				"down": {"uv": [3.5, 0, 0, 0], "texture": "#5"}
			}
		},
		{
			"from": [10, 0, 6],
			"to": [14, 4, 7],
			"rotation": {"angle": 45, "axis": "y", "origin": [12, 4.5, 8]},
			"faces": {
				"north": {"uv": [0, 0, 4, 4], "texture": "#0"},
				"east": {"uv": [8, 4, 9, 8], "texture": "#0"},
				"south": {"uv": [0, 4, 4, 8], "texture": "#0"},
				"west": {"uv": [6, 8, 7, 12], "texture": "#0"},
				"up": {"uv": [11, 9, 7, 8], "texture": "#0"},
				"down": {"uv": [13, 4, 9, 5], "texture": "#0"}
			}
		},
		{
			"from": [10, 0, 9],
			"to": [14, 4, 10],
			"rotation": {"angle": 45, "axis": "y", "origin": [12, 4.5, 8]},
			"faces": {
				"north": {"uv": [4, 0, 8, 4], "texture": "#0"},
				"east": {"uv": [7, 9, 8, 13], "texture": "#0"},
				"south": {"uv": [4, 4, 8, 8], "texture": "#0"},
				"west": {"uv": [8, 9, 9, 13], "texture": "#0"},
				"up": {"uv": [13, 6, 9, 5], "texture": "#0"},
				"down": {"uv": [13, 6, 9, 7], "texture": "#0"}
			}
		},
		{
			"from": [13, 0, 7],
			"to": [14, 4, 9],
			"rotation": {"angle": 45, "axis": "y", "origin": [12, 4.5, 8]},
			"faces": {
				"north": {"uv": [9, 9, 10, 13], "texture": "#0"},
				"east": {"uv": [0, 8, 2, 12], "texture": "#0"},
				"south": {"uv": [10, 0, 11, 4], "texture": "#0"},
				"west": {"uv": [8, 0, 10, 4], "texture": "#0"},
				"up": {"uv": [7, 14, 6, 12], "texture": "#0"},
				"down": {"uv": [14, 4, 13, 6], "texture": "#0"}
			}
		},
		{
			"from": [10, 0, 7],
			"to": [11, 4, 9],
			"rotation": {"angle": 45, "axis": "y", "origin": [12, 4.5, 8]},
			"faces": {
				"north": {"uv": [10, 9, 11, 13], "texture": "#0"},
				"east": {"uv": [2, 8, 4, 12], "texture": "#0"},
				"south": {"uv": [11, 0, 12, 4], "texture": "#0"},
				"west": {"uv": [4, 8, 6, 12], "texture": "#0"},
				"up": {"uv": [14, 8, 13, 6], "texture": "#0"},
				"down": {"uv": [8, 13, 7, 15], "texture": "#0"}
			}
		},
		{
			"from": [11, 0, 7],
			"to": [13, 1, 9],
			"rotation": {"angle": 45, "axis": "y", "origin": [12, 4.5, 8]},
			"faces": {
				"north": {"uv": [9, 7, 11, 8], "texture": "#0"},
				"east": {"uv": [8, 13, 10, 14], "texture": "#0"},
				"south": {"uv": [13, 8, 15, 9], "texture": "#0"},
				"west": {"uv": [13, 9, 15, 10], "texture": "#0"},
				"up": {"uv": [13, 9, 11, 7], "texture": "#0"},
				"down": {"uv": [13, 9, 11, 11], "texture": "#0"}
			}
		},
		{
			"from": [11, 1, 7],
			"to": [13, 3, 9],
			"rotation": {"angle": 45, "axis": "y", "origin": [12, 4.5, 8]},
			"faces": {
				"north": {"uv": [11, 11, 13, 13], "texture": "#1"},
				"east": {"uv": [0, 12, 2, 14], "texture": "#1"},
				"south": {"uv": [12, 0, 14, 2], "texture": "#1"},
				"west": {"uv": [2, 12, 4, 14], "texture": "#1"},
				"up": {"uv": [15, 4, 13, 2], "texture": "#1"},
				"down": {"uv": [6, 12, 4, 14], "texture": "#1"}
			}
		},
		{
			"from": [8, 3, 8],
			"to": [16, 14, 8],
			"rotation": {"angle": 0, "axis": "y", "origin": [12, 4.5, 8]},
			"faces": {
				"north": {"uv": [0, 5.5, 4, 11], "texture": "#4"},
				"east": {"uv": [0, 0, 0, 5.5], "texture": "#4"},
				"south": {"uv": [4, 5.5, 0, 11], "texture": "#4"},
				"west": {"uv": [0, 0, 0, 5.5], "texture": "#4"},
				"up": {"uv": [0, 4, 0, 0], "rotation": 270, "texture": "#4"},
				"down": {"uv": [0, 0, 0, 4], "rotation": 90, "texture": "#4"}
			}
		},
		{
			"from": [12, 3, 4],
			"to": [12, 14, 12],
			"rotation": {"angle": 0, "axis": "y", "origin": [12, 4.5, 8]},
			"faces": {
				"north": {"uv": [0, 0, 0, 5.5], "texture": "#4"},
				"east": {"uv": [4, 5.5, 0, 11], "texture": "#4"},
				"south": {"uv": [0, 0, 0, 5.5], "texture": "#4"},
				"west": {"uv": [0, 5.5, 4, 11], "texture": "#4"},
				"up": {"uv": [0, 4, 0, 0], "rotation": 180, "texture": "#4"},
				"down": {"uv": [0, 0, 0, 4], "rotation": 180, "texture": "#4"}
			}
		}
	],
	"display": {
		"thirdperson_righthand": {
			"rotation": [36, 0, 0],
			"translation": [0, 3, 1],
			"scale": [0.55, 0.55, 0.55]
		},
		"thirdperson_lefthand": {
			"rotation": [36, 0, 0],
			"translation": [0, 3, 1],
			"scale": [0.55, 0.55, 0.55]
		},
		"firstperson_righthand": {
			"rotation": [0, 45, 0],
			"scale": [0.4, 0.4, 0.4]
		},
		"firstperson_lefthand": {
			"rotation": [0, 45, 0],
			"scale": [0.4, 0.4, 0.4]
		},
		"ground": {
			"translation": [0, 3.25, 0]
		},
		"gui": {
			"rotation": [30, 225, 0],
			"translation": [0, 1.25, 0]
		},
		"fixed": {
			"rotation": [-90, 0, 0],
			"translation": [0, 0, -14],
			"scale": [2, 2, 2]
		}
	},
	"groups": [
		{
			"name": "group",
			"origin": [0, 0, 0],
			"color": 0,
			"children": [
				0,
				1,
				2,
				3,
				4,
				5,
				{
					"name": "le_plantttt",
					"origin": [8, 8, 8],
					"color": 0,
					"children": [6, 7, 8]
				}
			]
		},
		{
			"name": "group",
			"origin": [0, 0, 0],
			"color": 0,
			"children": [
				9,
				10,
				11,
				12,
				13,
				14,
				{
					"name": "le_plantttt",
					"origin": [8, 8, 8],
					"color": 0,
					"children": [15, 16, 17, 18]
				}
			]
		},
		{
			"name": "group",
			"origin": [0, 0, 0],
			"color": 0,
			"children": [
				19,
				20,
				21,
				22,
				23,
				24,
				{
					"name": "le_plantttt",
					"origin": [8, 8, 8],
					"color": 0,
					"children": [25, 26]
				}
			]
		}
	]
}