{
	"credit": "Made with Blockbench",
	"texture_size": [32, 32],
	"textures": {
		"0": "block/dirt",
		"2": "cit/pot_3",
		"3": "cit/yucca",
		"particle": "block/dirt"
	},
	"elements": [
		{
			"from": [4, 0, 4],
			"to": [12, 1, 12],
			"rotation": {"angle": 0, "axis": "y", "origin": [8, 0, 8]},
			"faces": {
				"north": {"uv": [6, 2.5, 8, 2.75], "texture": "#2"},
				"east": {"uv": [6, 2.75, 8, 3], "texture": "#2"},
				"south": {"uv": [6, 3, 8, 3.25], "texture": "#2"},
				"west": {"uv": [6, 3.25, 8, 3.5], "texture": "#2"},
				"up": {"uv": [6, 2, 4, 0], "texture": "#2"},
				"down": {"uv": [6, 2, 4, 4], "texture": "#2"}
			}
		},
		{
			"from": [11, 1, 4],
			"to": [12, 11, 12],
			"rotation": {"angle": 0, "axis": "y", "origin": [8, 0, 8]},
			"faces": {
				"north": {"uv": [3, 5, 3.25, 7.5], "texture": "#2"},
				"east": {"uv": [0, 0, 2, 2.5], "texture": "#2"},
				"south": {"uv": [3.25, 5, 3.5, 7.5], "texture": "#2"},
				"west": {"uv": [2, 0, 4, 2.5], "texture": "#2"},
				"up": {"uv": [4.5, 8.5, 4.25, 6.5], "texture": "#2"},
				"down": {"uv": [4.75, 6.5, 4.5, 8.5], "texture": "#2"}
			}
		},
		{
			"from": [4, 1, 4],
			"to": [5, 11, 12],
			"rotation": {"angle": 0, "axis": "y", "origin": [8, 0, 8]},
			"faces": {
				"north": {"uv": [3.5, 5, 3.75, 7.5], "texture": "#2"},
				"east": {"uv": [0, 2.5, 2, 5], "texture": "#2"},
				"south": {"uv": [3.75, 5, 4, 7.5], "texture": "#2"},
				"west": {"uv": [2, 2.5, 4, 5], "texture": "#2"},
				"up": {"uv": [5, 8.5, 4.75, 6.5], "texture": "#2"},
				"down": {"uv": [5.25, 6.5, 5, 8.5], "texture": "#2"}
			}
		},
		{
			"from": [5, 1, 11],
			"to": [11, 11, 12],
			"rotation": {"angle": 0, "axis": "y", "origin": [8, 0, 8]},
			"faces": {
				"north": {"uv": [4, 4, 5.5, 6.5], "texture": "#2"},
				"east": {"uv": [6, 0, 6.25, 2.5], "texture": "#2"},
				"south": {"uv": [0, 5, 1.5, 7.5], "texture": "#2"},
				"west": {"uv": [6.25, 0, 6.5, 2.5], "texture": "#2"},
				"up": {"uv": [7.5, 3.75, 6, 3.5], "texture": "#2"},
				"down": {"uv": [7.5, 3.75, 6, 4], "texture": "#2"}
			}
		},
		{
			"from": [5, 1, 4],
			"to": [11, 11, 5],
			"rotation": {"angle": 0, "axis": "y", "origin": [8, 0, 8]},
			"faces": {
				"north": {"uv": [1.5, 5, 3, 7.5], "texture": "#2"},
				"east": {"uv": [6.5, 0, 6.75, 2.5], "texture": "#2"},
				"south": {"uv": [5.5, 4, 7, 6.5], "texture": "#2"},
				"west": {"uv": [4, 6.5, 4.25, 9], "texture": "#2"},
				"up": {"uv": [6.75, 6.75, 5.25, 6.5], "texture": "#2"},
				"down": {"uv": [8.25, 0, 6.75, 0.25], "texture": "#2"}
			}
		},
		{
			"from": [5, 1, 5],
			"to": [11, 10, 11],
			"rotation": {"angle": 0, "axis": "y", "origin": [8, 0, 8]},
			"faces": {
				"north": {"uv": [0, 0, 1.5, 2.25], "texture": "#0"},
				"east": {"uv": [0, 0, 1.5, 2.25], "texture": "#0"},
				"south": {"uv": [0, 0, 1.5, 2.25], "texture": "#0"},
				"west": {"uv": [0, 0, 1.5, 2.25], "texture": "#0"},
				"up": {"uv": [0, 0, 6, 6], "texture": "#0"},
				"down": {"uv": [0, 0, 1.5, 1.5], "texture": "#0"}
			}
		},
		{
			"from": [6, 10, 6],
			"to": [10, 23, 10],
			"faces": {
				"north": {"uv": [0, 6, 2, 12.5], "texture": "#3"},
				"east": {"uv": [6, 0, 8, 6.5], "texture": "#3"},
				"south": {"uv": [2, 6, 4, 12.5], "texture": "#3"},
				"west": {"uv": [4, 6, 6, 12.5], "texture": "#3"},
				"up": {"uv": [10, 2, 8, 0], "texture": "#3"},
				"down": {"uv": [10, 2, 8, 4], "texture": "#3"}
			}
		},
		{
			"from": [5, 20, 8],
			"to": [11, 32, 8],
			"rotation": {"angle": 22.5, "axis": "x", "origin": [8, 20, 8]},
			"faces": {
				"north": {"uv": [3, 6, 0, 0], "rotation": 180, "texture": "#3"},
				"east": {"uv": [0, 0, 6, 0], "rotation": 90, "texture": "#3"},
				"south": {"uv": [3, 0, 0, 6], "texture": "#3"},
				"west": {"uv": [0, 0, 6, 0], "rotation": 270, "texture": "#3"},
				"up": {"uv": [0, 0, 3, 0], "texture": "#3"},
				"down": {"uv": [0, 0, 3, 0], "rotation": 180, "texture": "#3"}
			}
		},
		{
			"from": [5, 20, 8],
			"to": [11, 32, 8],
			"rotation": {"angle": -45, "axis": "x", "origin": [8, 20, 8]},
			"faces": {
				"north": {"uv": [3, 6, 0, 0], "rotation": 180, "texture": "#3"},
				"east": {"uv": [0, 0, 6, 0], "rotation": 90, "texture": "#3"},
				"south": {"uv": [3, 0, 0, 6], "texture": "#3"},
				"west": {"uv": [0, 0, 6, 0], "rotation": 270, "texture": "#3"},
				"up": {"uv": [0, 0, 3, 0], "texture": "#3"},
				"down": {"uv": [0, 0, 3, 0], "rotation": 180, "texture": "#3"}
			}
		},
		{
			"from": [5, 20, 8],
			"to": [11, 32, 8],
			"rotation": {"angle": -22.5, "axis": "x", "origin": [8, 20, 8]},
			"faces": {
				"north": {"uv": [3, 6, 0, 0], "rotation": 180, "texture": "#3"},
				"east": {"uv": [6, 0, 0, 0], "rotation": 270, "texture": "#3"},
				"south": {"uv": [3, 0, 0, 6], "texture": "#3"},
				"west": {"uv": [6, 0, 0, 0], "rotation": 90, "texture": "#3"},
				"up": {"uv": [3, 0, 0, 0], "rotation": 180, "texture": "#3"},
				"down": {"uv": [3, 0, 0, 0], "texture": "#3"}
			}
		},
		{
			"from": [5, 20, 8],
			"to": [11, 32, 8],
			"rotation": {"angle": 45, "axis": "x", "origin": [8, 20, 8]},
			"faces": {
				"north": {"uv": [3, 6, 0, 0], "rotation": 180, "texture": "#3"},
				"east": {"uv": [6, 0, 0, 0], "rotation": 270, "texture": "#3"},
				"south": {"uv": [3, 0, 0, 6], "texture": "#3"},
				"west": {"uv": [6, 0, 0, 0], "rotation": 90, "texture": "#3"},
				"up": {"uv": [3, 0, 0, 0], "rotation": 180, "texture": "#3"},
				"down": {"uv": [3, 0, 0, 0], "texture": "#3"}
			}
		},
		{
			"from": [8, 20, 5],
			"to": [8, 32, 11],
			"rotation": {"angle": -22.5, "axis": "z", "origin": [8, 20, 8]},
			"faces": {
				"north": {"uv": [6, 0, 0, 0], "rotation": 90, "texture": "#3"},
				"east": {"uv": [3, 6, 0, 0], "rotation": 180, "texture": "#3"},
				"south": {"uv": [6, 0, 0, 0], "rotation": 270, "texture": "#3"},
				"west": {"uv": [3, 0, 0, 6], "texture": "#3"},
				"up": {"uv": [3, 0, 0, 0], "rotation": 270, "texture": "#3"},
				"down": {"uv": [3, 0, 0, 0], "rotation": 270, "texture": "#3"}
			}
		},
		{
			"from": [8, 20, 5],
			"to": [8, 32, 11],
			"rotation": {"angle": -45, "axis": "z", "origin": [8, 20, 8]},
			"faces": {
				"north": {"uv": [6, 0, 0, 0], "rotation": 90, "texture": "#3"},
				"east": {"uv": [3, 6, 0, 0], "rotation": 180, "texture": "#3"},
				"south": {"uv": [6, 0, 0, 0], "rotation": 270, "texture": "#3"},
				"west": {"uv": [3, 0, 0, 6], "texture": "#3"},
				"up": {"uv": [3, 0, 0, 0], "rotation": 270, "texture": "#3"},
				"down": {"uv": [3, 0, 0, 0], "rotation": 270, "texture": "#3"}
			}
		},
		{
			"from": [8, 20, 5],
			"to": [8, 32, 11],
			"rotation": {"angle": 22.5, "axis": "z", "origin": [8, 20, 8]},
			"faces": {
				"north": {"uv": [0, 0, 6, 0], "rotation": 270, "texture": "#3"},
				"east": {"uv": [3, 6, 0, 0], "rotation": 180, "texture": "#3"},
				"south": {"uv": [0, 0, 6, 0], "rotation": 90, "texture": "#3"},
				"west": {"uv": [3, 0, 0, 6], "texture": "#3"},
				"up": {"uv": [0, 0, 3, 0], "rotation": 90, "texture": "#3"},
				"down": {"uv": [0, 0, 3, 0], "rotation": 90, "texture": "#3"}
			}
		},
		{
			"from": [-4, 20, 5],
			"to": [8, 20, 11],
			"rotation": {"angle": -45, "axis": "z", "origin": [8, 20, 8]},
			"faces": {
				"north": {"uv": [0, 0, 6, 0], "texture": "#3"},
				"east": {"uv": [0, 0, 3, 0], "texture": "#3"},
				"south": {"uv": [0, 0, 6, 0], "texture": "#3"},
				"west": {"uv": [0, 0, 3, 0], "texture": "#3"},
				"up": {"uv": [3, 6, 0, 0], "rotation": 90, "texture": "#3"},
				"down": {"uv": [3, 0, 0, 6], "rotation": 270, "texture": "#3"}
			}
		},
		{
			"from": [3, 16, 8],
			"to": [9, 28, 8],
			"rotation": {"angle": 45, "axis": "z", "origin": [6, 16, 8]},
			"faces": {
				"north": {"uv": [0, 6, 3, 0], "rotation": 180, "texture": "#3"},
				"east": {"uv": [6, 0, 0, 0], "rotation": 90, "texture": "#3"},
				"south": {"uv": [0, 0, 3, 6], "texture": "#3"},
				"west": {"uv": [6, 0, 0, 0], "rotation": 270, "texture": "#3"},
				"up": {"uv": [0, 0, 3, 0], "rotation": 180, "texture": "#3"},
				"down": {"uv": [0, 0, 3, 0], "texture": "#3"}
			}
		},
		{
			"from": [-6, 16, 5],
			"to": [6, 16, 11],
			"rotation": {"angle": -22.5, "axis": "z", "origin": [6, 16, 8]},
			"faces": {
				"north": {"uv": [0, 0, 6, 0], "texture": "#3"},
				"east": {"uv": [0, 0, 3, 0], "texture": "#3"},
				"south": {"uv": [0, 0, 6, 0], "texture": "#3"},
				"west": {"uv": [0, 0, 3, 0], "texture": "#3"},
				"up": {"uv": [3, 6, 0, 0], "rotation": 90, "texture": "#3"},
				"down": {"uv": [3, 0, 0, 6], "rotation": 270, "texture": "#3"}
			}
		},
		{
			"from": [-6, 16, 5],
			"to": [6, 16, 11],
			"rotation": {"angle": 0, "axis": "y", "origin": [6, 16, 8]},
			"faces": {
				"north": {"uv": [0, 0, 6, 0], "texture": "#3"},
				"east": {"uv": [0, 0, 3, 0], "texture": "#3"},
				"south": {"uv": [0, 0, 6, 0], "texture": "#3"},
				"west": {"uv": [0, 0, 3, 0], "texture": "#3"},
				"up": {"uv": [3, 6, 0, 0], "rotation": 90, "texture": "#3"},
				"down": {"uv": [3, 0, 0, 6], "rotation": 270, "texture": "#3"}
			}
		},
		{
			"from": [6, 16, 5],
			"to": [6, 28, 11],
			"rotation": {"angle": 22.5, "axis": "z", "origin": [6, 16, 8]},
			"faces": {
				"north": {"uv": [0, 0, 6, 0], "rotation": 270, "texture": "#3"},
				"east": {"uv": [0, 0, 3, 6], "texture": "#3"},
				"south": {"uv": [0, 0, 6, 0], "rotation": 90, "texture": "#3"},
				"west": {"uv": [0, 6, 3, 0], "rotation": 180, "texture": "#3"},
				"up": {"uv": [0, 0, 3, 0], "rotation": 90, "texture": "#3"},
				"down": {"uv": [0, 0, 3, 0], "rotation": 90, "texture": "#3"}
			}
		}
	],
	"display": {
		"thirdperson_righthand": {
			"rotation": [75, 45, 0],
			"translation": [0, 1.5, 2],
			"scale": [0.375, 0.375, 0.375]
		},
		"thirdperson_lefthand": {
			"rotation": [75, 45, 0],
			"translation": [0, 1.5, 2],
			"scale": [0.375, 0.375, 0.375]
		},
		"firstperson_righthand": {
			"rotation": [0, -90, 25],
			"translation": [1.13, 3.2, 1.13],
			"scale": [0.68, 0.68, 0.68]
		},
		"firstperson_lefthand": {
			"rotation": [0, -90, 25],
			"translation": [1.13, 3.2, 1.13],
			"scale": [0.68, 0.68, 0.68]
		},
		"ground": {
			"translation": [0, 3.25, 0]
		},
		"gui": {
			"rotation": [30, 225, 0],
			"translation": [0, 1.25, 0]
		},
		"fixed": {
			"rotation": [-90, 0, 0],
			"translation": [0, 0, -14],
			"scale": [2, 2, 2]
		}
	},
	"groups": [
		{
			"name": "group",
			"origin": [8, 0, 8],
			"color": 0,
			"children": [0, 1, 2, 3, 4, 5]
		},
		{
			"name": "group",
			"origin": [8, 8, 8],
			"color": 0,
			"children": [6]
		},
		{
			"name": "group",
			"origin": [8, 8, 8],
			"color": 0,
			"children": [7, 8, 9, 10, 11, 12, 13, 14]
		},
		{
			"name": "group",
			"origin": [8, 8, 8],
			"color": 0,
			"children": [15, 16, 17, 18]
		}
	]
}